/*!40101 SET @saved_cs_client     = @@character_set_client */;
/*!40101 SET character_set_client = utf8 */;
CREATE TABLE `globs` (
  `id` smallint(5) unsigned NOT NULL AUTO_INCREMENT,
  `name` varchar(200) NOT NULL,
  `en` text DEFAULT NULL,
  `tag` varchar(20) DEFAULT NULL,
  `type` varchar(50) DEFAULT NULL,
  `summary` text DEFAULT NULL,
  `permit` varchar(50) DEFAULT NULL,
  PRIMARY KEY (`id`),
  UNIQUE KEY `name` (`name`)
) ENGINE=InnoDB AUTO_INCREMENT=94 DEFAULT CHARSET=utf8;
/*!40101 SET character_set_client = @saved_cs_client */;
INSERT INTO `globs` VALUES (3,'template-version','0.8','version','read',NULL,'');
INSERT INTO `globs` VALUES (4,'google_tag_manager','this%20is%20the%20google123','google','text',NULL,'');
INSERT INTO `globs` VALUES (5,'site_mail','info%40aimd5.com','mail','text',NULL,'');
INSERT INTO `globs` VALUES (34,'copyright','%3Cul%20class%3D%22copyright%22%3E%20%3Cli%3E%C2%A9%20Powered%20By%20%3Ca%20href%3D%22https%3A%2F%2FAIMD5.com%22%3EAIMD5%3C%2Fa%3E.%20All%20rights%20reserved.%3C%2Fli%3E%3Cli%3EDesign%3A%20%3Ca%20href%3D%22%22%3EHTML5.UP%3C%2Fa%3E%3C%2Fli%3E%20%3C%2Ful%3E','pvar','textarea',NULL,'');
INSERT INTO `globs` VALUES (35,'twitter','https://twitter.com/NikosDrosakis','link','url',NULL,'');
INSERT INTO `globs` VALUES (36,'facebook','https://www.facebook.com/ndrosakis','link','url',NULL,'');
INSERT INTO `globs` VALUES (37,'github','https://github.com/NikDrosakis','link','url',NULL,'');
INSERT INTO `globs` VALUES (38,'username','mail.aimd5.com','mail','text',NULL,'');
INSERT INTO `globs` VALUES (39,'password','Nikos.','mail','text',NULL,'');
INSERT INTO `globs` VALUES (40,'SMTPSecure','tls','mail','text',NULL,'');
INSERT INTO `globs` VALUES (41,'addAddress','drosakis%40aimd5.com','mail','text',NULL,'');
INSERT INTO `globs` VALUES (42,'addAddressName','Nikos Drosakis','mail','text',NULL,'');
INSERT INTO `globs` VALUES (43,'addCC','mail.aimd5.com','mail','text',NULL,'');
INSERT INTO `globs` VALUES (44,'addBCC','mail.aimd5.com','mail','text',NULL,'');
INSERT INTO `globs` VALUES (45,'analytics_id','UA-48757242-1','google','text',NULL,'');
INSERT INTO `globs` VALUES (46,'redisdb','1','sys','integer',NULL,'');
INSERT INTO `globs` VALUES (50,'dash_color_comb','4','sys','integer',NULL,'');
INSERT INTO `globs` VALUES (51,'title','AIMD5','pvar','text',NULL,'');
INSERT INTO `globs` VALUES (52,'pagin','10','public','integer',NULL,'');
INSERT INTO `globs` VALUES (53,'meta_title_en','AIMD5','meta','text',NULL,'');
INSERT INTO `globs` VALUES (54,'description','Artificial%20Intelligence%20Multiple%20Daemon%205','pvar','textarea',NULL,'');
INSERT INTO `globs` VALUES (74,'aaa_size','1','public','integer',NULL,'');
INSERT INTO `globs` VALUES (75,'aaa-bg','%23a30121','public','color',NULL,'');
INSERT INTO `globs` VALUES (76,'aaa','1','public','boolean',NULL,'');
INSERT INTO `globs` VALUES (77,'redis_status','1','sys','boolean',NULL,'');
INSERT INTO `globs` VALUES (78,'seokeywords','cms,system,apps, bloggin,websites','seo','text',NULL,'');
INSERT INTO `globs` VALUES (80,'seodescription','AIMD5%20is%20intended%20to%20be%20the%20root%20system%20for%20creating%20apps%20and%20websites%20and%20a%20creative%20lab%20where%20other%20elements%20can%20exist.%20','seo','textarea',NULL,'');
INSERT INTO `globs` VALUES (81,'system_version','0.71','version','read',NULL,'');
INSERT INTO `globs` VALUES (82,'lang_primary','en','local','text',NULL,'');
INSERT INTO `globs` VALUES (83,'template_active','myblog','version','read',NULL,'');
INSERT INTO `globs` VALUES (84,'subtitle','A%20new%20system%20for%20creating%20apps%20and%20websites','pvar','textarea',NULL,'');
INSERT INTO `globs` VALUES (85,'bgimg','https%3A%2F%2Fmedia-exp1.licdn.com%2Fdms%2Fimage%2FC5616AQFPZbQr-LJC3g%2Fprofile-displaybackgroundimage-shrink_350_1400%2F0%3Fe%3D1583971200%26v%3Dbeta%26t%3DLj4eaWut89rmNdGMLmkFmMp7ZCCPyNqMcS8ZAY5W8Po','pvar','img',NULL,'');
INSERT INTO `globs` VALUES (90,'maria_version','67','version','integer',NULL,NULL);
INSERT INTO `globs` VALUES (91,'logo','%2Fgaia%2Fimg%2Flogo.png','pvar','img',NULL,NULL);
INSERT INTO `globs` VALUES (92,'topimg','','pvar','img',NULL,NULL);
INSERT INTO `globs` VALUES (93,'relational_db','maria','sys','text',NULL,NULL);
/*!40101 SET @saved_cs_client     = @@character_set_client */;
/*!40101 SET character_set_client = utf8 */;
CREATE TABLE `links` (
  `id` int(10) unsigned NOT NULL AUTO_INCREMENT,
  `menuid` int(10) unsigned NOT NULL DEFAULT 0,
  `parentid` int(10) unsigned NOT NULL DEFAULT 0,
  `title` text DEFAULT NULL,
  `uri` varchar(200) DEFAULT NULL,
  `type` tinyint(1) unsigned NOT NULL DEFAULT 1,
  `sort` tinyint(3) unsigned NOT NULL DEFAULT 0,
  PRIMARY KEY (`id`),
  KEY `menu_id` (`menuid`)
) ENGINE=InnoDB AUTO_INCREMENT=36 DEFAULT CHARSET=utf8;
/*!40101 SET character_set_client = @saved_cs_client */;
INSERT INTO `links` VALUES (2,1,0,'Login','/login',1,1);
INSERT INTO `links` VALUES (3,1,0,'Contact','/contact',1,4);
INSERT INTO `links` VALUES (4,1,0,'About','/about',1,3);
INSERT INTO `links` VALUES (5,1,0,'Home','/home',1,0);
INSERT INTO `links` VALUES (6,1,0,'Subscribe','/subscribe',1,2);
INSERT INTO `links` VALUES (14,12,0,'Αρχική','/home',1,0);
INSERT INTO `links` VALUES (15,12,0,'Μικροί ήρωες','/small-heros',1,2);
INSERT INTO `links` VALUES (16,12,0,'Ποιοι είμαστε','/whois',1,1);
INSERT INTO `links` VALUES (17,12,0,'Επικαιρότητα','/news',1,4);
INSERT INTO `links` VALUES (18,12,0,'Sui generis','/sui-generis',1,3);
INSERT INTO `links` VALUES (30,16,0,'Test2 Page','/test2',1,0);
INSERT INTO `links` VALUES (31,16,0,'Glossary','/tax/glossary',1,0);
INSERT INTO `links` VALUES (33,16,0,'Nikos Drosakis website','https://nikosdrosakis.gr',1,0);
INSERT INTO `links` VALUES (34,16,0,'Nikos1','/user/nikos1',1,0);
INSERT INTO `links` VALUES (35,16,0,'Template','/post/Template_integration',1,0);
/*!40101 SET @saved_cs_client     = @@character_set_client */;
/*!40101 SET character_set_client = utf8 */;
CREATE TABLE `menu` (
  `id` int(10) unsigned NOT NULL AUTO_INCREMENT,
  `orient` tinyint(1) unsigned NOT NULL DEFAULT 1,
  `title` varchar(30) DEFAULT NULL,
  `style` varchar(20) DEFAULT NULL,
  `children` tinyint(1) unsigned NOT NULL DEFAULT 0,
  PRIMARY KEY (`id`),
  UNIQUE KEY `title` (`title`)
) ENGINE=InnoDB AUTO_INCREMENT=17 DEFAULT CHARSET=utf8;
/*!40101 SET character_set_client = @saved_cs_client */;
INSERT INTO `menu` VALUES (1,1,'top','gaiablog',0);
INSERT INTO `menu` VALUES (12,1,'menutop',NULL,0);
INSERT INTO `menu` VALUES (16,1,'neomenu',NULL,0);
/*!40101 SET @saved_cs_client     = @@character_set_client */;
/*!40101 SET character_set_client = utf8 */;
CREATE TABLE `obj` (
  `id` int(10) unsigned NOT NULL AUTO_INCREMENT,
  `uid` int(10) unsigned NOT NULL DEFAULT 1,
  `objgroupid` int(10) unsigned NOT NULL DEFAULT 0,
  `title` text DEFAULT NULL,
  `summary` text DEFAULT NULL,
  `filename` text DEFAULT NULL,
  `status` tinyint(1) unsigned NOT NULL DEFAULT 2,
  `privacy` tinyint(1) unsigned NOT NULL DEFAULT 1,
  `created` int(10) unsigned NOT NULL DEFAULT 0,
  `modified` int(10) unsigned NOT NULL DEFAULT 0,
  PRIMARY KEY (`id`),
  KEY `uid` (`uid`),
  KEY `objgroupid` (`objgroupid`),
  CONSTRAINT `obj_ibfk_1` FOREIGN KEY (`objgroupid`) REFERENCES `objgroup` (`id`) ON DELETE CASCADE ON UPDATE CASCADE
) ENGINE=InnoDB AUTO_INCREMENT=198 DEFAULT CHARSET=utf8;
/*!40101 SET character_set_client = @saved_cs_client */;
INSERT INTO `obj` VALUES (154,0,1,NULL,NULL,'Screenshot_from_2017_01_09_02_08_33.png',2,1,1483920877,0);
INSERT INTO `obj` VALUES (156,0,4,NULL,NULL,'FootFall.png',2,1,1484075151,0);
INSERT INTO `obj` VALUES (157,0,4,NULL,NULL,'FootFall_1',2,1,1484075223,0);
INSERT INTO `obj` VALUES (158,0,4,NULL,NULL,'Dark_ivy.jpg.jpg',2,1,1484075379,0);
INSERT INTO `obj` VALUES (159,0,4,NULL,NULL,'FootFall.png.png',2,1,1484075418,0);
INSERT INTO `obj` VALUES (160,0,4,NULL,NULL,'Dark_ivy_1.jpg',2,1,1484075608,0);
INSERT INTO `obj` VALUES (161,0,4,NULL,NULL,'media_share_0_02_05_0eef70d24f66f2ed21d60a9264da222b6d2b7200f1ad94d87d00f9c888de2b57_0baf0f33_de9b_4c34_b203_bbf18c2e764e.jpg.jpg',2,1,1484075639,0);
INSERT INTO `obj` VALUES (162,0,4,NULL,NULL,'media_share_0_02_05_71ebaa525f85b1789560d176193c0344e292eb48dd8c9c462126cde336896561_24e4be1f_81b6_4359_90cc_0bf153cd5215.jpg.jpg',2,1,1484075657,0);
INSERT INTO `obj` VALUES (163,0,4,NULL,NULL,'javascript.jpg.jpg',2,1,1484075744,0);
INSERT INTO `obj` VALUES (164,0,4,NULL,NULL,'javascript.jpg',2,1,1484075803,0);
INSERT INTO `obj` VALUES (165,0,1,NULL,NULL,'programming_life4.jpg',2,1,1486019374,0);
INSERT INTO `obj` VALUES (166,0,1,NULL,NULL,'302779_2273448631327_6094042_n.jpg',2,1,1486033886,0);
INSERT INTO `obj` VALUES (167,0,1,NULL,NULL,'302779_2273448631327_6094042_n_1',2,1,1486034228,0);
INSERT INTO `obj` VALUES (168,0,1,NULL,NULL,'61506_1458771347535_2035389_n.jpg',2,1,1486034376,0);
INSERT INTO `obj` VALUES (169,0,1,NULL,NULL,'16832038_10211563985910880_796238756085486872_n.jpg',2,1,1488614424,0);
INSERT INTO `obj` VALUES (170,0,1,NULL,NULL,'16832038_10211563985910880_796238756085486872_n_1',2,1,1492760097,0);
INSERT INTO `obj` VALUES (171,0,1,NULL,NULL,'viber_image.jpg',2,1,1492760461,0);
INSERT INTO `obj` VALUES (172,0,1,NULL,NULL,'gualakias.jpg',2,1,1492760528,0);
INSERT INTO `obj` VALUES (173,1,1,'σ',NULL,'40027562_10155955799054315_3272421117096099840_n.jpg',2,1,1559645005,1559645005);
INSERT INTO `obj` VALUES (174,1,1,NULL,NULL,'52165065_10156312691309315_7112997142515417088_n.jpg',2,1,1559645025,1559645025);
INSERT INTO `obj` VALUES (178,1,1,NULL,NULL,'nobel_prize_einstein.jpg',2,1,1559848490,1559848490);
INSERT INTO `obj` VALUES (179,1,1,NULL,NULL,'Peace-Nobel-laureate-Malala.jpg',2,1,1559848532,1559848532);
INSERT INTO `obj` VALUES (180,1,1,NULL,NULL,'1_Anthony_Leg.jpg',2,1,1559848545,1559848545);
INSERT INTO `obj` VALUES (181,1,1,NULL,NULL,'19-22309-william-golding.jpg',2,1,1559848552,1559848552);
INSERT INTO `obj` VALUES (182,1,1,NULL,NULL,'Nelson-Mandela_1498838c.jpg',2,1,1559848557,1559848557);
INSERT INTO `obj` VALUES (183,1,1,NULL,NULL,'_92873598_drabdulsalamhighres.png',2,1,1559848703,1559848703);
INSERT INTO `obj` VALUES (184,1,1,NULL,NULL,'thorne-3.png',2,1,1559849174,1559849174);
INSERT INTO `obj` VALUES (185,1,1,NULL,NULL,'23847154_10214223072746389_5877820337674677612_o.jpg',2,1,1576259221,1576259221);
INSERT INTO `obj` VALUES (186,1,1,NULL,NULL,'23847154_10214223072746389_5877820337674677612_o.jpg',2,1,1576259353,1576259353);
INSERT INTO `obj` VALUES (187,1,1,NULL,NULL,'23916471_10214222920222576_5735661373046237239_o.jpg',2,1,1576442573,1576442573);
INSERT INTO `obj` VALUES (188,1,1,NULL,NULL,'newpaint.jpg',2,1,1577794851,1577794851);
INSERT INTO `obj` VALUES (189,1,1,NULL,NULL,'myface.jpg',2,1,1577794893,1577794893);
INSERT INTO `obj` VALUES (190,1,4,NULL,NULL,'_92873598_drabdulsalamhighres.png',2,1,1577983815,0);
INSERT INTO `obj` VALUES (191,1,4,NULL,NULL,'_92873598_drabdulsalamhighres.png',2,1,1577983815,0);
INSERT INTO `obj` VALUES (192,1,4,NULL,NULL,'thorne_3.png',2,1,1577983861,0);
INSERT INTO `obj` VALUES (193,1,4,NULL,NULL,'thorne_3.png',2,1,1577983861,0);
INSERT INTO `obj` VALUES (194,1,4,NULL,NULL,'thorne_3.png',2,1,1577983876,0);
INSERT INTO `obj` VALUES (195,1,4,NULL,NULL,'thorne_3.png',2,1,1577983876,0);
INSERT INTO `obj` VALUES (196,1,4,NULL,NULL,'thorne_3.png',2,1,1577983938,0);
INSERT INTO `obj` VALUES (197,1,4,NULL,NULL,'thorne_3.png',2,1,1577983938,0);
/*!40101 SET @saved_cs_client     = @@character_set_client */;
/*!40101 SET character_set_client = utf8 */;
CREATE TABLE `objgroup` (
  `id` int(10) unsigned NOT NULL AUTO_INCREMENT,
  `name` varchar(200) NOT NULL,
  `format` tinyint(1) unsigned NOT NULL DEFAULT 1,
  `multiple` tinyint(1) unsigned NOT NULL DEFAULT 0,
  PRIMARY KEY (`id`)
) ENGINE=InnoDB AUTO_INCREMENT=5 DEFAULT CHARSET=utf8;
/*!40101 SET character_set_client = @saved_cs_client */;
INSERT INTO `objgroup` VALUES (1,'user-feature',1,0);
INSERT INTO `objgroup` VALUES (2,'user-bg',1,0);
INSERT INTO `objgroup` VALUES (3,'post-feature',1,0);
INSERT INTO `objgroup` VALUES (4,'pagevar',1,0);
/*!40101 SET @saved_cs_client     = @@character_set_client */;
/*!40101 SET character_set_client = utf8 */;
CREATE TABLE `post` (
  `id` int(10) unsigned NOT NULL AUTO_INCREMENT,
  `uid` int(10) unsigned NOT NULL,
  `uri` varchar(100) DEFAULT NULL,
  `taxid` int(10) unsigned NOT NULL DEFAULT 0,
  `tags` longtext CHARACTER SET utf8mb4 COLLATE utf8mb4_bin DEFAULT '\'[]\'',
  `img` varchar(100) DEFAULT NULL,
  `title` varchar(200) DEFAULT NULL,
  `subtitle` varchar(200) DEFAULT NULL,
  `sort` int(10) unsigned NOT NULL DEFAULT 1,
  `status` tinyint(1) unsigned NOT NULL DEFAULT 0,
  `postgrpid` tinyint(3) unsigned NOT NULL DEFAULT 1,
  `excerpt` text DEFAULT NULL,
  `content` text DEFAULT NULL,
  `seodescription` text DEFAULT NULL,
  `seopriority` text DEFAULT NULL,
  `created` int(10) unsigned NOT NULL DEFAULT 0,
  `modified` int(10) unsigned NOT NULL DEFAULT 0,
  `published` int(10) unsigned NOT NULL DEFAULT 0,
  PRIMARY KEY (`id`),
  KEY `uid` (`uid`),
  KEY `postgrpid` (`postgrpid`),
  CONSTRAINT `post_ibfk_1` FOREIGN KEY (`uid`) REFERENCES `user` (`id`) ON DELETE CASCADE ON UPDATE CASCADE,
  CONSTRAINT `CONSTRAINT_1` CHECK (json_valid(`tags`))
) ENGINE=InnoDB AUTO_INCREMENT=18 DEFAULT CHARSET=utf8;
/*!40101 SET character_set_client = @saved_cs_client */;
INSERT INTO `post` VALUES (1,1,'architecture',1,'[\"system\", \"cms\", \"integrate\", \"tag5\", \"tag6\"]','40027562_10155955799054315_3272421117096099840_n.jpg','Architecture','this is the sub',0,2,1,'<p>this is the excerpt123</p>','&#60;&#112;&#62;&#71;&#97;&#105;&#97;&#39;&#115;&#32;&#112;&#117;&#114;&#112;&#111;&#115;&#101;&#32;&#116;&#111;&#32;&#98;&#101;&#32;&#116;&#104;&#101;&#32;&#114;&#111;&#111;&#116;&#32;&#115;&#121;&#115;&#116;&#101;&#109;&#32;&#102;&#111;&#114;&#32;&#99;&#114;&#101;&#97;&#116;&#105;&#110;&#103;&#32;&#97;&#112;&#112;&#115;&#32;&#97;&#110;&#100;&#32;&#119;&#101;&#98;&#115;&#105;&#116;&#101;&#115;&#32;&#97;&#110;&#100;&#32;&#97;&#32;&#99;&#114;&#101;&#97;&#116;&#105;&#118;&#101;&#32;&#108;&#97;&#98;&#32;&#119;&#104;&#101;&#114;&#101;&#32;&#111;&#116;&#104;&#101;&#114;&#32;&#101;&#108;&#101;&#109;&#101;&#110;&#116;&#115;&#32;&#99;&#97;&#110;&#32;&#101;&#120;&#105;&#115;&#116;&#32;&#97;&#110;&#100;&#32;&#111;&#116;&#104;&#101;&#114;&#32;&#115;&#121;&#115;&#116;&#101;&#109;&#115;&#32;&#99;&#111;&#117;&#108;&#100;&#32;&#99;&#111;&#45;&#101;&#120;&#105;&#115;&#116;&#46;&#38;&#110;&#98;&#115;&#112;&#59;&#60;&#98;&#62;&#71;&#97;&#105;&#97;&#115;&#121;&#115;&#60;&#47;&#98;&#62;&#32;&#119;&#97;&#110;&#116;&#115;&#32;&#116;&#111;&#32;&#105;&#110;&#115;&#112;&#105;&#114;&#101;&#32;&#115;&#105;&#109;&#112;&#108;&#101;&#32;&#117;&#115;&#101;&#114;&#115;&#32;&#97;&#110;&#100;&#32;&#116;&#101;&#99;&#104;&#45;&#115;&#112;&#101;&#99;&#105;&#108;&#105;&#122;&#101;&#100;&#32;&#112;&#114;&#111;&#103;&#114;&#97;&#109;&#109;&#101;&#114;&#115;&#32;&#97;&#116;&#32;&#116;&#104;&#101;&#32;&#112;&#97;&#115;&#115;&#105;&#111;&#110;&#32;&#111;&#102;&#32;&#99;&#114;&#101;&#97;&#116;&#105;&#118;&#105;&#116;&#121;&#46;&#32;&#73;&#116;&#32;&#119;&#97;&#110;&#116;&#32;&#117;&#115;&#101;&#114;&#115;&#32;&#116;&#111;&#32;&#117;&#116;&#105;&#108;&#105;&#122;&#101;&#32;&#116;&#104;&#101;&#32;&#115;&#121;&#115;&#116;&#101;&#109;&#32;&#116;&#111;&#32;&#99;&#114;&#101;&#97;&#116;&#101;&#32;&#115;&#111;&#109;&#101;&#116;&#104;&#105;&#110;&#103;&#32;&#104;&#105;&#103;&#104;&#101;&#114;&#46;&#32;&#83;&#111;&#32;&#101;&#120;&#99;&#101;&#112;&#116;&#32;&#102;&#114;&#111;&#109;&#32;&#103;&#105;&#118;&#105;&#110;&#103;&#32;&#116;&#104;&#101;&#32;&#109;&#97;&#120;&#105;&#109;&#117;&#109;&#32;&#112;&#111;&#115;&#115;&#105;&#98;&#108;&#101;&#32;&#99;&#117;&#115;&#116;&#111;&#109;&#105;&#122;&#97;&#116;&#105;&#111;&#110;&#32;&#97;&#98;&#105;&#108;&#105;&#116;&#121;&#44;&#32;&#105;&#116;&#32;&#97;&#118;&#111;&#105;&#100;&#115;&#32;&#103;&#105;&#118;&#105;&#110;&#103;&#32;&#105;&#110;&#116;&#101;&#114;&#102;&#97;&#99;&#101;&#32;&#108;&#105;&#98;&#114;&#97;&#114;&#105;&#101;&#115;&#44;&#32;&#98;&#117;&#116;&#32;&#116;&#104;&#101;&#32;&#116;&#111;&#111;&#108;&#115;&#32;&#116;&#111;&#32;&#99;&#114;&#101;&#97;&#116;&#101;&#32;&#111;&#110;&#101;&#32;&#102;&#111;&#114;&#32;&#101;&#97;&#99;&#104;&#32;&#111;&#119;&#110;&#46;&#38;&#110;&#98;&#115;&#112;&#59;&#60;&#47;&#112;&#62;&#60;&#112;&#62;&#60;&#98;&#62;&#84;&#101;&#109;&#112;&#108;&#97;&#116;&#101;&#60;&#47;&#98;&#62;&#32;&#105;&#115;&#32;&#97;&#32;&#99;&#111;&#110;&#115;&#116;&#114;&#117;&#99;&#116;&#105;&#111;&#110;&#32;&#111;&#102;&#32;&#60;&#98;&#62;&#112;&#97;&#103;&#101;&#115;&#60;&#47;&#98;&#62;&#38;&#110;&#98;&#115;&#112;&#59;&#97;&#110;&#100;&#32;&#112;&#97;&#103;&#101;&#115;&#32;&#97;&#114;&#101;&#32;&#99;&#111;&#110;&#115;&#116;&#114;&#117;&#99;&#116;&#105;&#111;&#110;&#115;&#32;&#111;&#102;&#32;&#60;&#98;&#62;&#109;&#111;&#100;&#117;&#108;&#101;&#115;&#60;&#47;&#98;&#62;&#38;&#110;&#98;&#115;&#112;&#59;&#111;&#114;&#32;&#60;&#98;&#62;&#99;&#117;&#115;&#116;&#111;&#109;&#32;&#104;&#116;&#109;&#108;&#32;&#60;&#47;&#98;&#62;&#116;&#104;&#114;&#111;&#117;&#103;&#104;&#32;&#97;&#32;&#119;&#121;&#115;&#105;&#119;&#121;&#103;&#32;&#101;&#100;&#105;&#116;&#111;&#114;&#46;&#38;&#110;&#98;&#115;&#112;&#59;&#60;&#47;&#112;&#62;&#60;&#112;&#62;&#67;&#111;&#112;&#121;&#105;&#110;&#103;&#32;&#109;&#111;&#100;&#117;&#108;&#101;&#115;&#32;&#98;&#101;&#116;&#119;&#101;&#101;&#110;&#32;&#116;&#101;&#109;&#112;&#108;&#97;&#116;&#101;&#115;&#44;&#32;&#97;&#32;&#116;&#101;&#109;&#112;&#108;&#97;&#116;&#101;&#32;&#119;&#105;&#122;&#97;&#114;&#100;&#32;&#97;&#110;&#100;&#32;&#101;&#120;&#105;&#115;&#116;&#97;&#110;&#116;&#32;&#104;&#116;&#109;&#108;&#53;&#32;&#105;&#110;&#116;&#101;&#103;&#114;&#97;&#116;&#105;&#111;&#110;&#32;&#116;&#111;&#32;&#71;&#97;&#105;&#97;&#115;&#121;&#115;&#32;&#109;&#97;&#107;&#101;&#115;&#32;&#116;&#101;&#109;&#112;&#108;&#97;&#116;&#101;&#32;&#99;&#114;&#101;&#97;&#116;&#105;&#111;&#110;&#32;&#102;&#97;&#115;&#116;&#101;&#114;&#46;&#38;&#110;&#98;&#115;&#112;&#59;&#60;&#47;&#112;&#62;&#60;&#112;&#62;&#65;&#118;&#97;&#105;&#108;&#97;&#98;&#108;&#101;&#32;&#102;&#101;&#97;&#116;&#117;&#114;&#101;&#115;&#32;&#97;&#116;&#32;&#116;&#104;&#101;&#32;&#99;&#117;&#115;&#116;&#111;&#109;&#32;&#118;&#101;&#114;&#115;&#105;&#111;&#110;&#32;&#97;&#114;&#101;&#58;&#60;&#98;&#114;&#62;&#60;&#47;&#112;&#62;&#60;&#117;&#108;&#62;&#60;&#108;&#105;&#32;&#115;&#116;&#121;&#108;&#101;&#61;&#34;&#109;&#97;&#114;&#103;&#105;&#110;&#45;&#98;&#111;&#116;&#116;&#111;&#109;&#58;&#32;&#48;&#46;&#49;&#49;&#105;&#110;&#59;&#32;&#100;&#105;&#114;&#101;&#99;&#116;&#105;&#111;&#110;&#58;&#32;&#108;&#116;&#114;&#59;&#32;&#108;&#105;&#110;&#101;&#45;&#104;&#101;&#105;&#103;&#104;&#116;&#58;&#32;&#49;&#53;&#46;&#49;&#50;&#112;&#120;&#59;&#34;&#62;&#60;&#98;&#62;&#116;&#101;&#109;&#112;&#108;&#97;&#116;&#101;&#32;&#119;&#105;&#122;&#97;&#114;&#100;&#32;&#97;&#110;&#100;&#32;&#115;&#116;&#121;&#108;&#101;&#114;&#32;&#60;&#47;&#98;&#62;&#116;&#111;&#32;&#115;&#116;&#97;&#114;&#116;&#32;&#97;&#32;&#116;&#101;&#109;&#112;&#108;&#97;&#116;&#101;&#46;&#60;&#47;&#108;&#105;&#62;&#60;&#108;&#105;&#32;&#115;&#116;&#121;&#108;&#101;&#61;&#34;&#109;&#97;&#114;&#103;&#105;&#110;&#45;&#98;&#111;&#116;&#116;&#111;&#109;&#58;&#32;&#48;&#46;&#49;&#49;&#105;&#110;&#59;&#32;&#100;&#105;&#114;&#101;&#99;&#116;&#105;&#111;&#110;&#58;&#32;&#108;&#116;&#114;&#59;&#32;&#108;&#105;&#110;&#101;&#45;&#104;&#101;&#105;&#103;&#104;&#116;&#58;&#32;&#49;&#53;&#46;&#49;&#50;&#112;&#120;&#59;&#34;&#62;&#60;&#98;&#62;&#109;&#111;&#100;&#117;&#108;&#105;&#122;&#101;&#100;&#32;&#99;&#111;&#110;&#116;&#101;&#110;&#116;&#32;&#97;&#110;&#100;&#32;&#115;&#116;&#121;&#108;&#101;&#115;&#104;&#101;&#101;&#116;&#115;&#60;&#47;&#98;&#62;&#32;&#119;&#105;&#116;&#104;&#32;&#60;&#98;&#62;&#112;&#97;&#103;&#101;&#115;&#32;&#60;&#47;&#98;&#62;&#97;&#110;&#100;&#32;&#60;&#98;&#62;&#109;&#111;&#100;&#117;&#108;&#101;&#115;&#44;&#32;&#102;&#111;&#114;&#32;&#103;&#114;&#101;&#97;&#116;&#101;&#32;&#118;&#97;&#114;&#105;&#101;&#116;&#121;&#32;&#97;&#110;&#100;&#32;&#99;&#117;&#115;&#116;&#111;&#109;&#32;&#117;&#115;&#101;&#114;&#32;&#100;&#101;&#115;&#105;&#103;&#110;&#46;&#60;&#47;&#98;&#62;&#60;&#47;&#108;&#105;&#62;&#60;&#108;&#105;&#32;&#115;&#116;&#121;&#108;&#101;&#61;&#34;&#109;&#97;&#114;&#103;&#105;&#110;&#45;&#98;&#111;&#116;&#116;&#111;&#109;&#58;&#32;&#48;&#46;&#49;&#49;&#105;&#110;&#59;&#32;&#100;&#105;&#114;&#101;&#99;&#116;&#105;&#111;&#110;&#58;&#32;&#108;&#116;&#114;&#59;&#32;&#108;&#105;&#110;&#101;&#45;&#104;&#101;&#105;&#103;&#104;&#116;&#58;&#32;&#49;&#53;&#46;&#49;&#50;&#112;&#120;&#59;&#34;&#62;&#60;&#115;&#112;&#97;&#110;&#32;&#108;&#97;&#110;&#103;&#61;&#34;&#101;&#110;&#45;&#85;&#83;&#34;&#62;&#60;&#98;&#62;&#117;&#116;&#105;&#108;&#105;&#122;&#101;&#115;&#32;&#53;&#32;&#100;&#97;&#116;&#97;&#98;&#97;&#115;&#101;&#115;&#32;&#97;&#110;&#100;&#32;&#107;&#101;&#121;&#45;&#115;&#116;&#111;&#114;&#101;&#115;&#60;&#47;&#98;&#62;&#44;&#32;&#119;&#105;&#116;&#104;&#38;&#110;&#98;&#115;&#112;&#59;&#60;&#47;&#115;&#112;&#97;&#110;&#62;&#77;&#89;&#83;&#81;&#76;&#32;&#111;&#110;&#32;&#116;&#104;&#101;&#32;&#109;&#105;&#100;&#100;&#108;&#101;&#32;&#111;&#102;&#32;&#116;&#104;&#101;&#32;&#115;&#121;&#115;&#116;&#101;&#109;&#46;&#60;&#47;&#108;&#105;&#62;&#60;&#108;&#105;&#32;&#115;&#116;&#121;&#108;&#101;&#61;&#34;&#109;&#97;&#114;&#103;&#105;&#110;&#45;&#98;&#111;&#116;&#116;&#111;&#109;&#58;&#32;&#48;&#46;&#49;&#49;&#105;&#110;&#59;&#32;&#100;&#105;&#114;&#101;&#99;&#116;&#105;&#111;&#110;&#58;&#32;&#108;&#116;&#114;&#59;&#32;&#108;&#105;&#110;&#101;&#45;&#104;&#101;&#105;&#103;&#104;&#116;&#58;&#32;&#49;&#53;&#46;&#49;&#50;&#112;&#120;&#59;&#34;&#62;&#60;&#115;&#112;&#97;&#110;&#32;&#108;&#97;&#110;&#103;&#61;&#34;&#101;&#110;&#45;&#85;&#83;&#34;&#62;&#60;&#98;&#62;&#99;&#97;&#99;&#104;&#101;&#32;&#115;&#121;&#115;&#116;&#101;&#109;&#32;&#102;&#111;&#114;&#32;&#99;&#114;&#101;&#97;&#116;&#101;&#114;&#32;&#112;&#101;&#114;&#102;&#111;&#114;&#109;&#97;&#110;&#99;&#101;&#38;&#110;&#98;&#115;&#112;&#59;&#60;&#47;&#98;&#62;&#119;&#105;&#116;&#104;&#32;&#50;&#32;&#107;&#101;&#121;&#45;&#115;&#116;&#111;&#114;&#101;&#115;&#32;&#40;&#82;&#101;&#100;&#105;&#115;&#44;&#32;&#77;&#101;&#109;&#99;&#97;&#99;&#104;&#101;&#100;&#41;&#46;&#60;&#47;&#115;&#112;&#97;&#110;&#62;&#60;&#47;&#108;&#105;&#62;&#60;&#108;&#105;&#32;&#115;&#116;&#121;&#108;&#101;&#61;&#34;&#109;&#97;&#114;&#103;&#105;&#110;&#45;&#98;&#111;&#116;&#116;&#111;&#109;&#58;&#32;&#48;&#46;&#49;&#49;&#105;&#110;&#59;&#32;&#100;&#105;&#114;&#101;&#99;&#116;&#105;&#111;&#110;&#58;&#32;&#108;&#116;&#114;&#59;&#32;&#108;&#105;&#110;&#101;&#45;&#104;&#101;&#105;&#103;&#104;&#116;&#58;&#32;&#49;&#53;&#46;&#49;&#50;&#112;&#120;&#59;&#34;&#62;&#60;&#115;&#112;&#97;&#110;&#32;&#108;&#97;&#110;&#103;&#61;&#34;&#101;&#110;&#45;&#85;&#83;&#34;&#62;&#60;&#98;&#62;&#101;&#97;&#115;&#121;&#32;&#100;&#97;&#115;&#104;&#98;&#111;&#97;&#114;&#100;&#32;&#60;&#47;&#98;&#62;&#102;&#111;&#114;&#32;&#116;&#104;&#101;&#32;&#103;&#114;&#101;&#97;&#116;&#101;&#115;&#116;&#32;&#117;&#115;&#101;&#114;&#32;&#99;&#111;&#110;&#116;&#114;&#111;&#108;&#32;&#97;&#110;&#100;&#32;&#119;&#105;&#116;&#104;&#32;&#117;&#115;&#101;&#114;&#32;&#112;&#101;&#114;&#109;&#105;&#115;&#115;&#105;&#111;&#110;&#115;&#46;&#60;&#47;&#115;&#112;&#97;&#110;&#62;&#60;&#47;&#108;&#105;&#62;&#60;&#108;&#105;&#32;&#115;&#116;&#121;&#108;&#101;&#61;&#34;&#109;&#97;&#114;&#103;&#105;&#110;&#45;&#98;&#111;&#116;&#116;&#111;&#109;&#58;&#32;&#48;&#46;&#49;&#49;&#105;&#110;&#59;&#32;&#100;&#105;&#114;&#101;&#99;&#116;&#105;&#111;&#110;&#58;&#32;&#108;&#116;&#114;&#59;&#32;&#108;&#105;&#110;&#101;&#45;&#104;&#101;&#105;&#103;&#104;&#116;&#58;&#32;&#49;&#53;&#46;&#49;&#50;&#112;&#120;&#59;&#34;&#62;&#60;&#98;&#62;&#99;&#117;&#115;&#116;&#111;&#109;&#32;&#116;&#101;&#109;&#112;&#108;&#97;&#116;&#101;&#32;&#97;&#110;&#100;&#32;&#109;&#111;&#100;&#117;&#108;&#101;&#32;&#60;&#47;&#98;&#62;&#99;&#114;&#101;&#97;&#116;&#105;&#111;&#110;&#46;&#60;&#47;&#108;&#105;&#62;&#60;&#108;&#105;&#32;&#115;&#116;&#121;&#108;&#101;&#61;&#34;&#109;&#97;&#114;&#103;&#105;&#110;&#45;&#98;&#111;&#116;&#116;&#111;&#109;&#58;&#32;&#48;&#46;&#49;&#49;&#105;&#110;&#59;&#32;&#100;&#105;&#114;&#101;&#99;&#116;&#105;&#111;&#110;&#58;&#32;&#108;&#116;&#114;&#59;&#32;&#108;&#105;&#110;&#101;&#45;&#104;&#101;&#105;&#103;&#104;&#116;&#58;&#32;&#49;&#53;&#46;&#49;&#50;&#112;&#120;&#59;&#34;&#62;&#60;&#98;&#62;&#116;&#101;&#109;&#112;&#108;&#97;&#116;&#101;&#32;&#105;&#110;&#116;&#101;&#103;&#114;&#97;&#116;&#105;&#111;&#110;&#32;&#60;&#47;&#98;&#62;&#99;&#111;&#110;&#118;&#101;&#114;&#116;&#105;&#110;&#103;&#32;&#97;&#110;&#32;&#101;&#120;&#105;&#115;&#116;&#97;&#110;&#116;&#32;&#104;&#116;&#109;&#108;&#53;&#38;&#110;&#98;&#115;&#112;&#59;&#116;&#101;&#109;&#112;&#108;&#97;&#116;&#101;&#32;&#116;&#111;&#32;&#112;&#104;&#112;&#45;&#106;&#115;&#32;&#71;&#97;&#105;&#97;&#115;&#121;&#115;&#32;&#116;&#101;&#109;&#112;&#108;&#97;&#116;&#101;&#38;&#110;&#98;&#115;&#112;&#59;&#60;&#47;&#108;&#105;&#62;&#60;&#108;&#105;&#32;&#115;&#116;&#121;&#108;&#101;&#61;&#34;&#109;&#97;&#114;&#103;&#105;&#110;&#45;&#98;&#111;&#116;&#116;&#111;&#109;&#58;&#32;&#48;&#46;&#49;&#49;&#105;&#110;&#59;&#32;&#100;&#105;&#114;&#101;&#99;&#116;&#105;&#111;&#110;&#58;&#32;&#108;&#116;&#114;&#59;&#32;&#108;&#105;&#110;&#101;&#45;&#104;&#101;&#105;&#103;&#104;&#116;&#58;&#32;&#49;&#53;&#46;&#49;&#50;&#112;&#120;&#59;&#34;&#62;&#99;&#117;&#115;&#116;&#111;&#109;&#32;&#116;&#97;&#120;&#111;&#110;&#111;&#109;&#121;&#32;&#103;&#114;&#111;&#117;&#112;&#115;&#44;&#32;&#38;&#110;&#98;&#115;&#112;&#59;&#112;&#111;&#115;&#116;&#32;&#116;&#121;&#112;&#101;&#115;&#44;&#32;&#117;&#115;&#101;&#114;&#32;&#114;&#111;&#108;&#101;&#115;&#32;&#102;&#111;&#114;&#32;&#60;&#98;&#62;&#103;&#114;&#101;&#97;&#116;&#101;&#114;&#32;&#99;&#111;&#110;&#116;&#101;&#110;&#116;&#32;&#97;&#98;&#115;&#116;&#114;&#97;&#99;&#116;&#105;&#111;&#110;&#60;&#47;&#98;&#62;&#46;&#60;&#47;&#108;&#105;&#62;&#60;&#108;&#105;&#32;&#115;&#116;&#121;&#108;&#101;&#61;&#34;&#109;&#97;&#114;&#103;&#105;&#110;&#45;&#98;&#111;&#116;&#116;&#111;&#109;&#58;&#32;&#48;&#46;&#49;&#49;&#105;&#110;&#59;&#32;&#100;&#105;&#114;&#101;&#99;&#116;&#105;&#111;&#110;&#58;&#32;&#108;&#116;&#114;&#59;&#32;&#108;&#105;&#110;&#101;&#45;&#104;&#101;&#105;&#103;&#104;&#116;&#58;&#32;&#49;&#53;&#46;&#49;&#50;&#112;&#120;&#59;&#34;&#62;&#111;&#112;&#116;&#105;&#109;&#105;&#122;&#101;&#100;&#60;&#98;&#62;&#32;&#112;&#104;&#112;&#32;&#97;&#110;&#100;&#32;&#106;&#97;&#118;&#97;&#115;&#99;&#114;&#105;&#112;&#116;&#32;&#108;&#105;&#98;&#114;&#97;&#114;&#105;&#101;&#115;&#60;&#47;&#98;&#62;&#32;&#116;&#111;&#32;&#116;&#97;&#107;&#101;&#32;&#97;&#100;&#118;&#97;&#110;&#116;&#97;&#103;&#101;&#32;&#111;&#102;&#46;&#60;&#47;&#108;&#105;&#62;&#60;&#47;&#117;&#108;&#62;','description of architecture','1.0',1483457005,1559645005,1483457005);
INSERT INTO `post` VALUES (2,1,'Template_integration',1,'[\"integrate\"]','52165065_10156312691309315_7112997142515417088_n.jpg','Template Integration','Tranforming an html template to gaia template',8,2,1,'Tranforming an html template to gaia template!!!','Tranforming an html template to gaia template!!!12','','1.0',1483457113,1559645025,1483457113);
INSERT INTO `post` VALUES (4,1,'Dashboard',1,'[]',NULL,'Dashboard','Dashboard',2,2,1,'','<ul><li>Home&nbsp;</li><li>Users</li><li>Posts</li><li>Taxonomy</li><li>Templates</li><li>Pages</li><li>Modules</li><li>Menu</li><li>Globals</li><li>Informatics</li><li>todo</li></ul>','','1.0',1483525500,1559665460,1483525500);
INSERT INTO `post` VALUES (5,1,'sql-schema',1,'[]',NULL,'SQL Engineering','Mysql Schema',12,2,1,'','&#60;&#112;&#62;&#60;&#98;&#62;&#71;&#97;&#105;&#97;&#115;&#121;&#115;&#32;&#60;&#47;&#98;&#62;&#109;&#97;&#107;&#101;&#115;&#32;&#117;&#115;&#101;&#32;&#111;&#102;&#32;&#51;&#32;&#100;&#105;&#102;&#102;&#101;&#114;&#101;&#110;&#116;&#32;&#100;&#97;&#116;&#97;&#98;&#97;&#115;&#101;&#115;&#32;&#97;&#110;&#100;&#32;&#50;&#32;&#107;&#101;&#121;&#45;&#115;&#116;&#111;&#114;&#101;&#32;&#115;&#101;&#114;&#118;&#105;&#99;&#101;&#115;&#46;&#60;&#47;&#112;&#62;&#60;&#112;&#62;&#60;&#98;&#62;&#68;&#97;&#116;&#97;&#98;&#97;&#115;&#101;&#115;&#60;&#47;&#98;&#62;&#60;&#47;&#112;&#62;&#60;&#117;&#108;&#62;&#60;&#108;&#105;&#62;&#77;&#89;&#83;&#81;&#76;&#60;&#47;&#108;&#105;&#62;&#60;&#108;&#105;&#62;&#77;&#111;&#110;&#103;&#111;&#68;&#66;&#60;&#47;&#108;&#105;&#62;&#60;&#108;&#105;&#62;&#67;&#97;&#115;&#115;&#97;&#110;&#100;&#114;&#97;&#68;&#66;&#60;&#47;&#108;&#105;&#62;&#60;&#47;&#117;&#108;&#62;&#60;&#112;&#62;&#60;&#98;&#62;&#75;&#101;&#121;&#45;&#83;&#116;&#111;&#114;&#101;&#115;&#60;&#47;&#98;&#62;&#60;&#47;&#112;&#62;&#60;&#117;&#108;&#62;&#60;&#108;&#105;&#62;&#82;&#101;&#100;&#105;&#115;&#60;&#47;&#108;&#105;&#62;&#60;&#108;&#105;&#62;&#77;&#101;&#109;&#99;&#97;&#99;&#104;&#101;&#100;&#60;&#47;&#108;&#105;&#62;&#60;&#47;&#117;&#108;&#62;&#60;&#112;&#62;&#60;&#98;&#62;&#84;&#104;&#101;&#32;&#109;&#97;&#105;&#110;&#32;&#99;&#111;&#114;&#101;&#32;&#115;&#121;&#115;&#116;&#101;&#109;&#32;&#105;&#115;&#32;&#105;&#110;&#115;&#116;&#97;&#108;&#108;&#101;&#100;&#32;&#105;&#110;&#32;&#77;&#89;&#83;&#81;&#76;&#32;&#60;&#47;&#98;&#62;&#119;&#105;&#116;&#104;&#32;&#73;&#110;&#110;&#111;&#100;&#98;&#32;&#102;&#111;&#114;&#109;&#97;&#116;&#32;&#116;&#97;&#98;&#108;&#101;&#115;&#32;&#97;&#110;&#100;&#32;&#105;&#115;&#32;&#97;&#99;&#99;&#101;&#115;&#115;&#101;&#100;&#32;&#119;&#105;&#116;&#104;&#32;&#80;&#72;&#80;&#32;&#116;&#104;&#114;&#111;&#117;&#103;&#104;&#32;&#80;&#68;&#79;&#32;&#65;&#98;&#115;&#116;&#114;&#97;&#99;&#116;&#105;&#111;&#110;&#32;&#76;&#97;&#121;&#101;&#114;&#32;&#40;&#68;&#66;&#32;&#99;&#108;&#97;&#115;&#115;&#41;&#46;&#60;&#47;&#112;&#62;&#60;&#112;&#62;&#60;&#98;&#62;&#83;&#101;&#116;&#117;&#112;&#32;&#116;&#97;&#98;&#108;&#101;&#60;&#47;&#98;&#62;&#32;&#105;&#115;&#32;&#116;&#104;&#101;&#32;&#98;&#97;&#115;&#105;&#99;&#32;&#116;&#97;&#98;&#108;&#101;&#32;&#116;&#104;&#97;&#116;&#32;&#99;&#111;&#110;&#116;&#97;&#105;&#110;&#115;&#32;&#101;&#110;&#116;&#114;&#105;&#101;&#115;&#32;&#102;&#111;&#114;&#32;&#116;&#101;&#109;&#112;&#108;&#97;&#116;&#101;&#115;&#32;&#91;&#116;&#121;&#112;&#101;&#58;&#49;&#93;&#32;&#97;&#110;&#100;&#32;&#97;&#112;&#112;&#115;&#32;&#91;&#116;&#121;&#112;&#101;&#58;&#50;&#93;&#46;&#60;&#98;&#114;&#62;&#60;&#47;&#112;&#62;&#60;&#112;&#62;&#71;&#97;&#105;&#97;&#115;&#121;&#115;&#32;&#77;&#89;&#83;&#81;&#76;&#32;&#100;&#97;&#116;&#97;&#98;&#97;&#115;&#101;&#32;&#105;&#110;&#99;&#108;&#117;&#100;&#101;&#115;&#32;&#49;&#48;&#32;&#103;&#114;&#111;&#117;&#112;&#115;&#32;&#111;&#102;&#32;&#116;&#97;&#98;&#108;&#101;&#115;&#44;&#32;&#116;&#111;&#116;&#97;&#108;&#108;&#121;&#32;&#49;&#55;&#32;&#97;&#116;&#32;&#116;&#104;&#101;&#32;&#99;&#117;&#114;&#114;&#101;&#110;&#116;&#32;&#118;&#101;&#114;&#115;&#105;&#111;&#110;&#46;&#38;&#110;&#98;&#115;&#112;&#59;&#60;&#47;&#112;&#62;&#60;&#117;&#108;&#62;&#60;&#108;&#105;&#62;&#60;&#98;&#62;&#112;&#111;&#115;&#116;&#32;&#45;&#32;&#112;&#111;&#115;&#116;&#97;&#120;&#60;&#47;&#98;&#62;&#46;&#32;&#80;&#111;&#115;&#116;&#97;&#120;&#32;&#105;&#115;&#32;&#116;&#104;&#101;&#32;&#98;&#114;&#105;&#100;&#103;&#101;&#32;&#116;&#111;&#32;&#116;&#97;&#120;&#46;&#60;&#47;&#108;&#105;&#62;&#60;&#108;&#105;&#62;&#60;&#98;&#62;&#116;&#97;&#120;&#32;&#45;&#32;&#116;&#97;&#120;&#103;&#114;&#112;&#60;&#47;&#98;&#62;&#46;&#32;&#67;&#111;&#110;&#116;&#97;&#105;&#110;&#115;&#32;&#99;&#117;&#115;&#116;&#111;&#109;&#32;&#116;&#97;&#120;&#111;&#110;&#111;&#109;&#121;&#32;&#103;&#114;&#111;&#117;&#112;&#115;&#46;&#60;&#98;&#114;&#62;&#60;&#47;&#108;&#105;&#62;&#60;&#108;&#105;&#62;&#60;&#98;&#62;&#117;&#115;&#101;&#114;&#32;&#45;&#32;&#117;&#115;&#101;&#114;&#103;&#114;&#112;&#46;&#32;&#60;&#47;&#98;&#62;&#67;&#111;&#110;&#116;&#97;&#105;&#110;&#115;&#32;&#99;&#117;&#115;&#116;&#111;&#109;&#32;&#117;&#115;&#101;&#114;&#103;&#114;&#111;&#117;&#112;&#115;&#32;&#97;&#110;&#100;&#32;&#116;&#104;&#101;&#32;&#97;&#98;&#105;&#108;&#105;&#116;&#121;&#32;&#116;&#111;&#32;&#103;&#105;&#118;&#101;&#32;&#112;&#101;&#114;&#109;&#105;&#115;&#115;&#105;&#111;&#110;&#115;&#32;&#97;&#110;&#100;&#32;&#112;&#114;&#105;&#118;&#105;&#108;&#101;&#103;&#101;&#115;&#32;&#116;&#111;&#32;&#117;&#115;&#101;&#114;&#115;&#32;&#97;&#110;&#100;&#32;&#97;&#108;&#108;&#32;&#116;&#104;&#101;&#32;&#117;&#115;&#101;&#114;&#100;&#97;&#116;&#97;&#32;&#40;&#101;&#120;&#99;&#101;&#112;&#116;&#32;&#102;&#114;&#111;&#109;&#32;&#117;&#115;&#101;&#114;&#32;&#111;&#98;&#106;&#44;&#32;&#101;&#103;&#32;&#105;&#109;&#97;&#103;&#101;&#115;&#32;&#116;&#104;&#97;&#116;&#32;&#97;&#114;&#101;&#32;&#99;&#111;&#110;&#116;&#97;&#105;&#110;&#101;&#100;&#32;&#105;&#110;&#38;&#110;&#98;&#115;&#112;&#59;&#60;&#47;&#108;&#105;&#62;&#60;&#108;&#105;&#62;&#60;&#98;&#62;&#111;&#98;&#106;&#32;&#45;&#32;&#111;&#98;&#106;&#103;&#114;&#111;&#117;&#112;&#46;&#60;&#47;&#98;&#62;&#32;&#65;&#108;&#108;&#32;&#102;&#105;&#108;&#101;&#115;&#32;&#117;&#112;&#108;&#111;&#97;&#100;&#101;&#100;&#32;&#116;&#111;&#32;&#119;&#101;&#98;&#115;&#105;&#116;&#101;&#32;&#97;&#114;&#101;&#32;&#115;&#97;&#118;&#101;&#100;&#32;&#105;&#110;&#116;&#111;&#32;&#111;&#98;&#106;&#101;&#99;&#116;&#115;&#46;&#32;&#79;&#98;&#106;&#103;&#114;&#111;&#117;&#112;&#32;&#99;&#111;&#110;&#116;&#97;&#105;&#110;&#115;&#32;&#99;&#117;&#115;&#116;&#111;&#109;&#32;&#111;&#98;&#106;&#32;&#103;&#114;&#111;&#117;&#112;&#115;&#46;&#60;&#47;&#108;&#105;&#62;&#60;&#108;&#105;&#62;&#60;&#98;&#62;&#112;&#97;&#103;&#101;&#46;&#32;&#60;&#47;&#98;&#62;&#99;&#117;&#115;&#116;&#111;&#109;&#32;&#99;&#111;&#110;&#116;&#101;&#110;&#116;&#32;&#97;&#110;&#100;&#32;&#112;&#114;&#101;&#102;&#111;&#114;&#109;&#101;&#100;&#32;&#112;&#97;&#103;&#101;&#115;&#32;&#97;&#114;&#101;&#32;&#116;&#104;&#101;&#32;&#103;&#114;&#111;&#117;&#110;&#100;&#32;&#102;&#111;&#114;&#32;&#109;&#111;&#100;&#117;&#108;&#101;&#115;&#32;&#97;&#110;&#100;&#32;&#112;&#97;&#103;&#101;&#115;&#32;&#105;&#102;&#32;&#115;&#101;&#108;&#101;&#99;&#116;&#101;&#100;&#32;&#97;&#114;&#101;&#32;&#105;&#110;&#115;&#101;&#114;&#116;&#101;&#100;&#32;&#116;&#111;&#32;&#60;&#98;&#62;&#109;&#101;&#110;&#117;&#60;&#47;&#98;&#62;&#46;&#60;&#47;&#108;&#105;&#62;&#60;&#108;&#105;&#62;&#60;&#98;&#62;&#109;&#101;&#110;&#117;&#46;&#38;&#110;&#98;&#115;&#112;&#59;&#60;&#47;&#98;&#62;&#65;&#108;&#108;&#32;&#109;&#101;&#110;&#117;&#32;&#108;&#105;&#110;&#107;&#115;&#32;&#111;&#102;&#32;&#97;&#108;&#108;&#32;&#109;&#101;&#110;&#117;&#115;&#32;&#115;&#101;&#112;&#97;&#114;&#97;&#116;&#101;&#100;&#32;&#105;&#110;&#32;&#116;&#101;&#109;&#112;&#108;&#97;&#116;&#101;&#115;&#32;&#119;&#105;&#116;&#104;&#32;&#116;&#101;&#109;&#112;&#108;&#97;&#116;&#101;&#105;&#100;&#46;&#38;&#110;&#98;&#115;&#112;&#59;&#60;&#47;&#108;&#105;&#62;&#60;&#108;&#105;&#62;&#60;&#98;&#62;&#118;&#97;&#114;&#103;&#108;&#111;&#98;&#97;&#108;&#32;&#45;&#32;&#118;&#97;&#114;&#112;&#97;&#103;&#101;&#58;&#32;&#60;&#47;&#98;&#62;&#71;&#108;&#111;&#98;&#97;&#108;&#32;&#118;&#97;&#114;&#115;&#32;&#97;&#114;&#101;&#32;&#103;&#108;&#111;&#98;&#97;&#108;&#32;&#115;&#101;&#116;&#116;&#105;&#110;&#103;&#115;&#32;&#99;&#111;&#109;&#109;&#111;&#110;&#32;&#100;&#97;&#116;&#97;&#32;&#102;&#111;&#114;&#32;&#97;&#108;&#108;&#32;&#116;&#101;&#109;&#112;&#108;&#97;&#116;&#101;&#115;&#32;&#97;&#110;&#100;&#32;&#108;&#111;&#99;&#97;&#108;&#115;&#32;&#97;&#110;&#100;&#32;&#118;&#97;&#114;&#112;&#97;&#103;&#101;&#32;&#97;&#114;&#101;&#32;&#108;&#111;&#99;&#97;&#108;&#105;&#122;&#101;&#100;&#32;&#118;&#97;&#114;&#105;&#97;&#98;&#108;&#101;&#115;&#32;&#100;&#105;&#102;&#102;&#101;&#114;&#101;&#110;&#116;&#32;&#97;&#116;&#32;&#101;&#97;&#99;&#104;&#32;&#116;&#101;&#109;&#112;&#108;&#97;&#116;&#101;&#32;&#91;&#116;&#101;&#109;&#112;&#108;&#97;&#116;&#101;&#105;&#100;&#93;&#46;&#38;&#110;&#98;&#115;&#112;&#59;&#60;&#47;&#108;&#105;&#62;&#60;&#108;&#105;&#62;&#60;&#98;&#62;&#99;&#111;&#109;&#109;&#101;&#110;&#116;&#46;&#32;&#60;&#47;&#98;&#62;&#67;&#111;&#109;&#109;&#101;&#110;&#116;&#105;&#110;&#103;&#32;&#112;&#111;&#115;&#116;&#44;&#32;&#111;&#98;&#106;&#101;&#99;&#116;&#44;&#32;&#111;&#114;&#32;&#97;&#112;&#112;&#115;&#32;&#40;&#116;&#121;&#112;&#101;&#41;&#60;&#47;&#108;&#105;&#62;&#60;&#108;&#105;&#62;&#60;&#98;&#62;&#109;&#101;&#115;&#99;&#104;&#97;&#116;&#46;&#32;&#60;&#47;&#98;&#62;&#77;&#101;&#115;&#115;&#97;&#103;&#101;&#115;&#32;&#98;&#101;&#116;&#119;&#101;&#101;&#110;&#32;&#114;&#101;&#103;&#105;&#115;&#116;&#101;&#114;&#101;&#100;&#32;&#117;&#115;&#101;&#114;&#115;&#46;&#60;&#47;&#108;&#105;&#62;&#60;&#108;&#105;&#62;&#60;&#98;&#62;&#97;&#112;&#112;&#95;&#32;&#91;&#116;&#97;&#98;&#108;&#101;&#115;&#93;&#46;&#32;&#60;&#47;&#98;&#62;&#65;&#108;&#108;&#32;&#101;&#120;&#116;&#114;&#97;&#32;&#105;&#110;&#115;&#116;&#97;&#108;&#108;&#97;&#98;&#108;&#101;&#32;&#116;&#97;&#98;&#108;&#101;&#115;&#46;&#60;&#115;&#112;&#97;&#110;&#32;&#99;&#108;&#97;&#115;&#115;&#61;&#34;&#65;&#112;&#112;&#108;&#101;&#45;&#116;&#97;&#98;&#45;&#115;&#112;&#97;&#110;&#34;&#32;&#115;&#116;&#121;&#108;&#101;&#61;&#34;&#119;&#104;&#105;&#116;&#101;&#45;&#115;&#112;&#97;&#99;&#101;&#58;&#112;&#114;&#101;&#34;&#62;&#9;&#60;&#47;&#115;&#112;&#97;&#110;&#62;&#60;&#47;&#108;&#105;&#62;&#60;&#47;&#117;&#108;&#62;&#60;&#112;&#62;&#60;&#112;&#62;&#60;&#98;&#62;&#60;&#115;&#112;&#97;&#110;&#32;&#99;&#108;&#97;&#115;&#115;&#61;&#34;&#65;&#112;&#112;&#108;&#101;&#45;&#116;&#97;&#98;&#45;&#115;&#112;&#97;&#110;&#34;&#32;&#115;&#116;&#121;&#108;&#101;&#61;&#34;&#119;&#104;&#105;&#116;&#101;&#45;&#115;&#112;&#97;&#99;&#101;&#58;&#112;&#114;&#101;&#34;&#62;&#77;&#60;&#47;&#115;&#112;&#97;&#110;&#62;&#111;&#110;&#103;&#111;&#68;&#66;&#60;&#47;&#98;&#62;&#32;&#105;&#115;&#32;&#116;&#104;&#101;&#32;&#98;&#115;&#111;&#110;&#32;&#112;&#97;&#108;&#32;&#111;&#102;&#32;&#116;&#104;&#101;&#32;&#115;&#121;&#115;&#116;&#101;&#109;&#32;&#40;&#68;&#66;&#50;&#32;&#67;&#108;&#97;&#115;&#115;&#41;&#32;&#116;&#104;&#97;&#116;&#32;&#105;&#115;&#32;&#112;&#108;&#97;&#110;&#110;&#105;&#110;&#103;&#32;&#116;&#111;&#32;&#109;&#97;&#107;&#101;&#32;&#100;&#97;&#116;&#97;&#32;&#116;&#114;&#97;&#110;&#115;&#102;&#101;&#114;&#32;&#109;&#117;&#99;&#104;&#32;&#101;&#97;&#115;&#105;&#101;&#114;&#32;&#97;&#110;&#100;&#32;&#67;&#97;&#115;&#115;&#97;&#110;&#100;&#114;&#97;&#32;&#68;&#66;&#32;&#40;&#68;&#66;&#50;&#32;&#67;&#108;&#97;&#115;&#115;&#41;&#38;&#110;&#98;&#115;&#112;&#59;&#105;&#115;&#32;&#116;&#104;&#101;&#32;&#98;&#105;&#103;&#32;&#100;&#97;&#116;&#97;&#32;&#98;&#114;&#111;&#116;&#104;&#101;&#114;&#46;&#32;&#66;&#111;&#116;&#104;&#32;&#111;&#102;&#32;&#116;&#104;&#101;&#110;&#32;&#97;&#114;&#101;&#32;&#99;&#117;&#114;&#114;&#101;&#110;&#116;&#108;&#121;&#32;&#117;&#110;&#100;&#101;&#114;&#32;&#105;&#110;&#116;&#101;&#103;&#114;&#97;&#116;&#105;&#111;&#110;&#32;&#102;&#111;&#114;&#32;&#71;&#97;&#105;&#97;&#115;&#121;&#115;&#32;&#65;&#110;&#97;&#108;&#121;&#116;&#105;&#99;&#115;&#32;&#97;&#110;&#100;&#32;&#83;&#116;&#97;&#116;&#105;&#115;&#116;&#105;&#99;&#115;&#32;&#97;&#110;&#100;&#32;&#111;&#116;&#104;&#101;&#114;&#32;&#118;&#97;&#114;&#105;&#111;&#117;&#115;&#32;&#115;&#101;&#114;&#118;&#105;&#99;&#101;&#115;&#32;&#116;&#104;&#97;&#116;&#32;&#97;&#114;&#101;&#32;&#99;&#117;&#114;&#114;&#101;&#110;&#116;&#108;&#121;&#32;&#100;&#101;&#118;&#101;&#108;&#111;&#112;&#101;&#100;&#46;&#60;&#47;&#112;&#62;&#60;&#47;&#112;&#62;','','1.0',1483525716,1559719075,1483525716);
INSERT INTO `post` VALUES (6,1,'pvar',34,'[\"page\"]','myface.jpg','Page variables','pvar',1,2,1,'<p>Page variables (pvar) globals dom appended on pvar class. Type in GS.globs_types, as all globals.</p>','<p><span style=\"background-color: rgb(255, 255, 0);\">Pagevars </span>are placed asynchronously, appended to the id attribute on each html tag that is created by webmaster. &nbsp;</p><p>Variables of pages are localized. Default language is english(en). Also greek (el) is installed at varpage table.</p><p>When someone changes template, he expects that vars would be the same the different html, differently everything has to be rewritten from scratch.</p><p>In next gaiasys version, local page will be added, with the choice to add/remove language(s).</p>','','1',1483526144,1578155865,1483526144);
INSERT INTO `post` VALUES (7,1,'globals',34,'[\"cms\", \"integrate\", \"page\"]',NULL,'globals','globals',5,2,1,'Variables saved in globs database table, separated in types.','<p>are global variables common for any template, any page.</p><p>Are installed synchonously through php $this-&gt;is(variable) and javascript GS.is</p>','','1.0',1483526190,1578156713,1483526190);
INSERT INTO `post` VALUES (8,1,'pagelink',34,'[]',NULL,'pagelink & pagefile','',7,2,1,'','&#60;&#98;&#108;&#111;&#99;&#107;&#113;&#117;&#111;&#116;&#101;&#62;&#60;&#98;&#62;&#112;&#97;&#103;&#101;&#108;&#105;&#110;&#107;&#60;&#47;&#98;&#62;&#32;&#105;&#115;&#32;&#116;&#104;&#101;&#32;&#97;&#119;&#101;&#115;&#111;&#109;&#101;&#32;&#108;&#105;&#110;&#107;&#32;&#111;&#102;&#32;&#116;&#104;&#101;&#32;&#112;&#97;&#103;&#101;&#32;&#97;&#102;&#116;&#101;&#114;&#32;&#116;&#104;&#101;&#32;&#100;&#111;&#109;&#97;&#105;&#110;&#32;&#117;&#114;&#108;&#46;&#60;&#98;&#114;&#62;&#60;&#98;&#62;&#112;&#97;&#103;&#101;&#102;&#105;&#108;&#101;&#32;&#60;&#47;&#98;&#62;&#105;&#115;&#32;&#116;&#104;&#101;&#32;&#112;&#104;&#112;&#32;&#102;&#105;&#108;&#101;&#32;&#99;&#111;&#110;&#110;&#101;&#99;&#116;&#101;&#100;&#32;&#119;&#105;&#116;&#104;&#32;&#116;&#104;&#101;&#32;&#112;&#97;&#103;&#101;&#108;&#105;&#110;&#107;&#32;&#97;&#116;&#32;&#109;&#101;&#110;&#117;&#112;&#97;&#103;&#101;&#32;&#116;&#97;&#98;&#108;&#101;&#46;&#60;&#47;&#98;&#108;&#111;&#99;&#107;&#113;&#117;&#111;&#116;&#101;&#62;','','1.0',1483526253,1483526253,1483526253);
INSERT INTO `post` VALUES (9,1,'awesome-links',34,'[]',NULL,'awesome links','',11,2,1,'','&#60;&#112;&#62;&#76;&#105;&#110;&#107;&#115;&#32;&#104;&#97;&#115;&#32;&#116;&#111;&#32;&#98;&#101;&#32;&#83;&#69;&#79;&#32;&#111;&#114;&#105;&#101;&#110;&#116;&#101;&#100;&#46;&#32;&#84;&#104;&#101;&#114;&#101;&#32;&#97;&#114;&#101;&#32;&#97;&#116;&#32;&#108;&#101;&#97;&#115;&#116;&#32;&#116;&#119;&#111;&#32;&#119;&#97;&#121;&#115;&#32;&#116;&#111;&#32;&#111;&#114;&#103;&#97;&#110;&#105;&#122;&#101;&#32;&#108;&#105;&#110;&#107;&#115;&#58;&#60;&#47;&#112;&#62;&#60;&#98;&#108;&#111;&#99;&#107;&#113;&#117;&#111;&#116;&#101;&#62;&#40;&#97;&#41;&#32;&#83;&#73;&#84;&#69;&#95;&#85;&#82;&#76;&#47;&#112;&#111;&#115;&#116;&#47;&#112;&#111;&#115;&#116;&#110;&#97;&#109;&#101;&#32;&#45;&#32;&#83;&#73;&#84;&#69;&#95;&#85;&#82;&#76;&#47;&#116;&#97;&#120;&#111;&#110;&#111;&#109;&#121;&#47;&#116;&#97;&#120;&#111;&#110;&#111;&#109;&#121;&#45;&#110;&#97;&#109;&#101;&#60;&#98;&#114;&#62;&#40;&#98;&#41;&#32;&#83;&#73;&#84;&#69;&#95;&#85;&#82;&#76;&#47;&#112;&#111;&#115;&#116;&#110;&#97;&#109;&#101;&#32;&#45;&#32;&#83;&#73;&#84;&#69;&#95;&#85;&#82;&#76;&#47;&#116;&#97;&#120;&#111;&#110;&#111;&#109;&#121;&#45;&#110;&#97;&#109;&#101;&#60;&#47;&#98;&#108;&#111;&#99;&#107;&#113;&#117;&#111;&#116;&#101;&#62;&#60;&#112;&#62;&#87;&#104;&#105;&#108;&#101;&#32;&#116;&#104;&#101;&#32;&#116;&#104;&#101;&#32;&#115;&#101;&#99;&#111;&#110;&#100;&#32;&#99;&#104;&#111;&#105;&#99;&#101;&#32;&#105;&#115;&#32;&#115;&#105;&#109;&#112;&#108;&#101;&#114;&#32;&#116;&#111;&#32;&#117;&#115;&#101;&#32;&#97;&#110;&#100;&#32;&#100;&#101;&#108;&#105;&#99;&#97;&#116;&#101;&#44;&#32;&#105;&#116;&#32;&#105;&#115;&#32;&#109;&#111;&#114;&#101;&#32;&#100;&#101;&#109;&#97;&#110;&#100;&#105;&#110;&#103;&#44;&#32;&#98;&#101;&#99;&#97;&#117;&#115;&#101;&#32;&#105;&#116;&#32;&#104;&#97;&#115;&#32;&#116;&#111;&#32;&#99;&#104;&#101;&#99;&#107;&#32;&#97;&#108;&#108;&#32;&#116;&#121;&#112;&#101;&#115;&#32;&#111;&#102;&#32;&#108;&#105;&#110;&#107;&#115;&#44;&#32;&#101;&#118;&#101;&#114;&#121;&#32;&#116;&#105;&#109;&#101;&#32;&#116;&#104;&#101;&#32;&#115;&#121;&#115;&#116;&#101;&#109;&#32;&#110;&#101;&#101;&#100;&#115;&#32;&#116;&#111;&#32;&#112;&#114;&#111;&#100;&#117;&#99;&#101;&#32;&#111;&#110;&#101;&#32;&#112;&#97;&#103;&#101;&#46;&#60;&#47;&#112;&#62;&#60;&#98;&#108;&#111;&#99;&#107;&#113;&#117;&#111;&#116;&#101;&#62;&#49;&#41;&#32;&#116;&#97;&#120;&#111;&#110;&#111;&#109;&#121;&#32;&#97;&#114;&#114;&#97;&#121;&#115;&#38;&#110;&#98;&#115;&#112;&#59;&#60;&#98;&#114;&#62;&#50;&#41;&#32;&#112;&#111;&#115;&#116;&#32;&#117;&#114;&#105;&#32;&#97;&#114;&#114;&#97;&#121;&#115;&#38;&#110;&#98;&#115;&#112;&#59;&#60;&#98;&#114;&#62;&#51;&#41;&#32;&#99;&#117;&#115;&#116;&#111;&#109;&#32;&#112;&#97;&#103;&#101;&#115;&#32;&#117;&#114;&#105;&#32;&#97;&#114;&#114;&#97;&#121;&#115;&#60;&#98;&#114;&#62;&#52;&#41;&#32;&#97;&#112;&#112;&#115;&#32;&#117;&#114;&#105;&#32;&#97;&#114;&#114;&#97;&#121;&#115;&#60;&#98;&#114;&#62;&#53;&#41;&#32;&#117;&#115;&#101;&#114;&#32;&#97;&#114;&#114;&#97;&#121;&#60;&#47;&#98;&#108;&#111;&#99;&#107;&#113;&#117;&#111;&#116;&#101;&#62;&#60;&#112;&#62;&#116;&#111;&#32;&#102;&#105;&#110;&#100;&#32;&#116;&#104;&#101;&#32;&#117;&#114;&#108;&#32;&#116;&#121;&#112;&#101;&#46;&#60;&#47;&#112;&#62;&#60;&#112;&#62;&#79;&#102;&#32;&#99;&#111;&#117;&#114;&#115;&#101;&#32;&#116;&#104;&#105;&#115;&#32;&#100;&#97;&#116;&#97;&#32;&#110;&#101;&#101;&#100;&#115;&#32;&#116;&#111;&#32;&#98;&#101;&#32;&#99;&#97;&#99;&#104;&#101;&#100;&#46;&#32;&#66;&#117;&#116;&#32;&#101;&#118;&#101;&#110;&#44;&#32;&#119;&#104;&#101;&#110;&#32;&#116;&#104;&#101;&#32;&#119;&#101;&#98;&#115;&#105;&#116;&#101;&#32;&#105;&#115;&#32;&#98;&#101;&#99;&#111;&#109;&#105;&#110;&#103;&#32;&#108;&#97;&#114;&#103;&#101;&#114;&#32;&#99;&#111;&#110;&#102;&#108;&#105;&#99;&#116;&#115;&#32;&#97;&#114;&#101;&#32;&#98;&#101;&#99;&#111;&#109;&#105;&#110;&#103;&#32;&#108;&#97;&#114;&#103;&#101;&#114;&#44;&#32;&#116;&#111;&#111;&#46;&#60;&#47;&#112;&#62;&#60;&#112;&#62;&#83;&#111;&#44;&#32;&#101;&#118;&#101;&#110;&#32;&#116;&#104;&#101;&#32;&#115;&#121;&#115;&#116;&#101;&#109;&#32;&#117;&#115;&#101;&#115;&#32;&#116;&#104;&#101;&#32;&#40;&#97;&#41;&#32;&#109;&#101;&#116;&#104;&#111;&#100;&#32;&#119;&#105;&#116;&#104;&#32;&#116;&#104;&#101;&#32;&#102;&#111;&#108;&#108;&#111;&#119;&#105;&#110;&#103;&#32;&#36;&#95;&#71;&#69;&#84;&#91;&#39;&#112;&#97;&#103;&#101;&#39;&#93;&#32;&#117;&#114;&#108;&#32;&#116;&#121;&#112;&#101;&#115;&#58;&#60;&#47;&#112;&#62;&#60;&#112;&#62;&#112;&#111;&#115;&#116;&#103;&#114;&#111;&#117;&#112;&#32;&#110;&#97;&#109;&#101;&#32;&#102;&#114;&#111;&#109;&#32;&#112;&#111;&#115;&#116;&#103;&#114;&#112;&#32;&#102;&#111;&#114;&#32;&#112;&#111;&#115;&#116;&#115;&#32;&#116;&#104;&#97;&#116;&#32;&#112;&#114;&#111;&#100;&#117;&#99;&#101;&#115;&#32;&#115;&#105;&#110;&#103;&#108;&#101;&#32;&#112;&#111;&#115;&#116;&#115;&#32;&#61;&#38;&#103;&#116;&#59;&#32;&#83;&#73;&#84;&#69;&#95;&#85;&#82;&#76;&#47;&#91;&#112;&#111;&#115;&#116;&#103;&#114;&#111;&#117;&#112;&#93;&#47;&#91;&#112;&#111;&#115;&#116;&#110;&#97;&#109;&#101;&#93;&#60;&#47;&#112;&#62;&#60;&#112;&#62;&#116;&#97;&#120;&#103;&#114;&#111;&#117;&#112;&#32;&#102;&#114;&#111;&#109;&#32;&#116;&#97;&#120;&#103;&#114;&#112;&#32;&#102;&#111;&#114;&#32;&#116;&#97;&#120;&#111;&#110;&#111;&#109;&#105;&#101;&#115;&#32;&#116;&#104;&#97;&#116;&#32;&#112;&#114;&#111;&#100;&#117;&#99;&#101;&#115;&#32;&#97;&#114;&#99;&#104;&#105;&#101;&#118;&#101;&#115;&#32;&#38;&#110;&#98;&#115;&#112;&#59;&#61;&#38;&#103;&#116;&#59;&#32;&#83;&#73;&#84;&#69;&#95;&#85;&#82;&#76;&#47;&#91;&#116;&#97;&#120;&#103;&#114;&#111;&#117;&#112;&#93;&#47;&#91;&#116;&#97;&#120;&#110;&#97;&#109;&#101;&#93;&#60;&#47;&#112;&#62;&#60;&#112;&#62;&#117;&#115;&#101;&#114;&#103;&#114;&#111;&#117;&#112;&#32;&#102;&#114;&#111;&#109;&#32;&#117;&#115;&#101;&#114;&#103;&#114;&#112;&#32;&#102;&#111;&#114;&#32;&#117;&#115;&#101;&#114;&#115;&#32;&#116;&#104;&#97;&#116;&#32;&#112;&#114;&#111;&#100;&#117;&#99;&#101;&#115;&#32;&#117;&#115;&#101;&#114;&#32;&#112;&#114;&#111;&#102;&#105;&#108;&#101;&#115;&#32;&#38;&#110;&#98;&#115;&#112;&#59;&#61;&#38;&#103;&#116;&#59;&#32;&#83;&#73;&#84;&#69;&#95;&#85;&#82;&#76;&#47;&#91;&#117;&#115;&#101;&#114;&#103;&#114;&#111;&#117;&#112;&#93;&#47;&#91;&#117;&#115;&#101;&#114;&#110;&#97;&#109;&#101;&#93;&#60;&#47;&#112;&#62;&#60;&#112;&#62;&#112;&#97;&#103;&#101;&#32;&#102;&#114;&#111;&#109;&#32;&#112;&#97;&#103;&#101;&#115;&#32;&#116;&#104;&#97;&#116;&#32;&#112;&#114;&#111;&#100;&#117;&#99;&#101;&#115;&#32;&#99;&#117;&#115;&#116;&#111;&#109;&#32;&#112;&#97;&#103;&#101;&#32;&#112;&#97;&#103;&#101;&#115;&#32;&#61;&#38;&#103;&#116;&#59;&#32;&#83;&#73;&#84;&#69;&#95;&#85;&#82;&#76;&#47;&#112;&#97;&#103;&#101;&#47;&#91;&#112;&#97;&#103;&#101;&#117;&#114;&#105;&#93;&#60;&#47;&#112;&#62;&#60;&#112;&#62;&#84;&#104;&#101;&#32;&#112;&#114;&#111;&#98;&#108;&#101;&#109;&#32;&#116;&#104;&#97;&#116;&#32;&#97;&#114;&#105;&#115;&#101;&#115;&#32;&#105;&#115;&#32;&#119;&#104;&#97;&#116;&#32;&#104;&#97;&#112;&#112;&#101;&#110;&#115;&#32;&#119;&#104;&#101;&#110;&#32;&#116;&#104;&#101;&#32;&#115;&#101;&#99;&#111;&#110;&#100;&#32;&#117;&#114;&#105;&#32;&#108;&#101;&#118;&#101;&#108;&#58;&#32;&#112;&#111;&#115;&#116;&#44;&#32;&#112;&#97;&#103;&#101;&#44;&#116;&#97;&#120;&#111;&#110;&#111;&#109;&#121;&#32;&#101;&#116;&#99;&#44;&#32;&#99;&#104;&#97;&#110;&#103;&#101;&#115;&#32;&#105;&#116;&#39;&#115;&#32;&#110;&#97;&#109;&#101;&#63;&#60;&#98;&#114;&#62;&#60;&#47;&#112;&#62;&#60;&#112;&#62;&#69;&#118;&#101;&#110;&#32;&#105;&#102;&#32;&#119;&#101;&#32;&#112;&#114;&#101;&#115;&#101;&#114;&#118;&#101;&#32;&#116;&#104;&#101;&#32;&#116;&#104;&#105;&#114;&#100;&#32;&#117;&#114;&#105;&#32;&#108;&#101;&#118;&#101;&#108;&#32;&#40;&#101;&#103;&#32;&#112;&#111;&#115;&#116;&#32;&#117;&#114;&#105;&#41;&#44;&#32;&#116;&#104;&#101;&#32;&#115;&#101;&#99;&#111;&#110;&#100;&#32;&#108;&#101;&#118;&#101;&#108;&#32;&#105;&#115;&#32;&#118;&#101;&#114;&#121;&#32;&#101;&#97;&#115;&#121;&#32;&#116;&#111;&#32;&#99;&#104;&#97;&#110;&#103;&#101;&#44;&#32;&#101;&#103;&#32;&#119;&#104;&#101;&#110;&#32;&#119;&#101;&#98;&#115;&#105;&#116;&#101;&#32;&#103;&#114;&#111;&#119;&#115;&#32;&#97;&#110;&#100;&#32;&#110;&#101;&#119;&#32;&#116;&#97;&#120;&#111;&#110;&#111;&#109;&#105;&#101;&#115;&#32;&#97;&#114;&#101;&#32;&#97;&#100;&#100;&#101;&#100;&#46;&#32;&#65;&#108;&#108;&#32;&#115;&#97;&#118;&#101;&#100;&#32;&#97;&#110;&#100;&#32;&#98;&#111;&#111;&#107;&#109;&#97;&#114;&#107;&#101;&#100;&#32;&#97;&#110;&#100;&#32;&#105;&#110;&#116;&#101;&#114;&#110;&#97;&#108;&#32;&#108;&#105;&#110;&#107;&#115;&#32;&#97;&#114;&#101;&#32;&#109;&#105;&#115;&#116;&#97;&#107;&#101;&#110;&#46;&#38;&#110;&#98;&#115;&#112;&#59;&#60;&#47;&#112;&#62;&#60;&#112;&#62;&#84;&#104;&#101;&#32;&#115;&#111;&#108;&#117;&#116;&#105;&#111;&#110;&#32;&#103;&#97;&#105;&#97;&#115;&#121;&#115;&#32;&#102;&#111;&#108;&#108;&#111;&#119;&#115;&#32;&#116;&#111;&#32;&#116;&#104;&#105;&#115;&#32;&#105;&#115;&#32;&#116;&#111;&#32;&#99;&#114;&#101;&#97;&#116;&#101;&#32;&#97;&#110;&#100;&#32;&#99;&#97;&#99;&#104;&#101;&#32;&#97;&#32;&#98;&#105;&#103;&#32;&#97;&#114;&#114;&#97;&#121;&#32;&#111;&#102;&#32;&#112;&#114;&#101;&#115;&#101;&#114;&#118;&#101;&#100;&#32;&#110;&#97;&#109;&#101;&#115;&#32;&#119;&#105;&#116;&#104;&#32;&#109;&#101;&#114;&#103;&#101;&#100;&#32;&#97;&#114;&#114;&#97;&#121;&#115;&#32;&#102;&#114;&#111;&#109;&#32;&#97;&#108;&#108;&#32;&#116;&#104;&#101;&#32;&#97;&#98;&#111;&#118;&#101;&#32;&#103;&#114;&#111;&#117;&#112;&#115;&#32;&#97;&#110;&#100;&#32;&#116;&#111;&#32;&#107;&#101;&#101;&#112;&#32;&#117;&#114;&#108;&#115;&#32;&#119;&#105;&#116;&#104;&#32;&#116;&#119;&#111;&#32;&#108;&#101;&#118;&#101;&#108;&#115;&#46;&#32;&#65;&#116;&#32;&#108;&#101;&#97;&#115;&#116;&#32;&#116;&#104;&#97;&#116;&#32;&#105;&#115;&#32;&#116;&#104;&#101;&#32;&#115;&#116;&#97;&#114;&#116;&#105;&#110;&#103;&#32;&#112;&#111;&#105;&#110;&#116;&#44;&#32;&#117;&#115;&#105;&#110;&#103;&#32;&#116;&#104;&#101;&#32;&#82;&#101;&#100;&#105;&#115;&#32;&#99;&#97;&#99;&#104;&#105;&#110;&#103;&#32;&#104;&#97;&#110;&#100;&#46;&#60;&#98;&#114;&#62;&#60;&#47;&#112;&#62;','','1.0',1483526341,1483526341,1483526341);
INSERT INTO `post` VALUES (10,1,'gs-apps',1,'[]',NULL,'Apps','',14,2,1,'','&#60;&#98;&#108;&#111;&#99;&#107;&#113;&#117;&#111;&#116;&#101;&#62;&#65;&#112;&#112;&#115;&#32;&#97;&#114;&#101;&#32;&#97;&#112;&#112;&#108;&#105;&#99;&#97;&#116;&#105;&#111;&#110;&#32;&#119;&#105;&#116;&#104;&#32;&#115;&#101;&#112;&#97;&#114;&#97;&#116;&#101;&#32;&#102;&#105;&#108;&#101;&#115;&#121;&#115;&#116;&#101;&#109;&#32;&#40;&#97;&#108;&#116;&#104;&#111;&#117;&#103;&#104;&#32;&#105;&#110;&#115;&#116;&#97;&#108;&#108;&#101;&#100;&#32;&#97;&#110;&#100;&#32;&#99;&#111;&#110;&#116;&#114;&#111;&#108;&#108;&#101;&#100;&#32;&#98;&#121;&#32;&#103;&#97;&#105;&#97;&#32;&#97;&#112;&#105;&#32;&#97;&#110;&#100;&#32;&#103;&#97;&#105;&#97;&#32;&#99;&#111;&#114;&#101;&#32;&#115;&#121;&#115;&#116;&#101;&#109;&#41;&#44;&#38;&#110;&#98;&#115;&#112;&#59;&#60;&#98;&#114;&#62;&#105;&#110;&#116;&#101;&#114;&#102;&#97;&#99;&#101;&#32;&#97;&#110;&#100;&#32;&#115;&#116;&#121;&#108;&#101;&#44;&#32;&#97;&#114;&#101;&#32;&#99;&#117;&#115;&#116;&#111;&#109;&#105;&#122;&#101;&#100;&#32;&#98;&#121;&#32;&#100;&#97;&#115;&#104;&#98;&#111;&#97;&#114;&#100;&#32;&#38;&#103;&#116;&#59;&#32;&#97;&#112;&#112;&#115;&#32;&#38;&#103;&#116;&#59;&#32;&#91;&#97;&#112;&#112;&#110;&#97;&#109;&#101;&#93;&#32;&#102;&#111;&#108;&#100;&#101;&#114;&#46;&#60;&#47;&#98;&#108;&#111;&#99;&#107;&#113;&#117;&#111;&#116;&#101;&#62;','','1.0',1483526445,1483526445,1483526445);
INSERT INTO `post` VALUES (11,1,'setup-stats',1,'[]',NULL,'Dashboard','',13,2,1,'','&#60;&#112;&#62;&#65;&#102;&#116;&#101;&#114;&#32;&#99;&#111;&#109;&#112;&#108;&#101;&#116;&#105;&#110;&#103;&#32;&#121;&#111;&#117;&#114;&#32;&#114;&#101;&#103;&#105;&#115;&#116;&#114;&#97;&#116;&#105;&#111;&#110;&#44;&#32;&#105;&#102;&#32;&#121;&#111;&#117;&#32;&#97;&#114;&#101;&#32;&#97;&#32;&#115;&#117;&#112;&#101;&#114;&#117;&#115;&#101;&#114;&#44;&#32;&#121;&#111;&#117;&#32;&#104;&#97;&#118;&#101;&#32;&#116;&#111;&#32;&#109;&#97;&#107;&#101;&#32;&#117;&#115;&#101;&#32;&#111;&#102;&#32;&#71;&#97;&#105;&#97;&#115;&#121;&#115;&#32;&#68;&#97;&#115;&#104;&#98;&#111;&#97;&#114;&#100;&#46;&#60;&#47;&#112;&#62;&#60;&#112;&#62;&#60;&#98;&#62;&#72;&#111;&#109;&#101;&#38;&#110;&#98;&#115;&#112;&#59;&#60;&#47;&#98;&#62;&#60;&#98;&#62;&#80;&#97;&#103;&#101;&#32;&#60;&#47;&#98;&#62;&#105;&#110;&#99;&#108;&#117;&#100;&#101;&#32;&#115;&#101;&#116;&#117;&#112;&#32;&#99;&#111;&#117;&#110;&#116;&#101;&#114;&#115;&#32;&#97;&#110;&#100;&#32;&#115;&#116;&#97;&#116;&#115;&#44;&#32;&#110;&#111;&#116;&#105;&#102;&#105;&#99;&#97;&#116;&#105;&#111;&#110;&#115;&#32;&#97;&#110;&#100;&#32;&#116;&#105;&#112;&#115;&#32;&#115;&#104;&#111;&#119;&#115;&#32;&#98;&#97;&#115;&#105;&#99;&#32;&#99;&#111;&#117;&#110;&#116;&#115;&#32;&#97;&#110;&#100;&#32;&#105;&#110;&#115;&#116;&#97;&#108;&#108;&#97;&#116;&#105;&#111;&#110;&#32;&#112;&#97;&#114;&#97;&#109;&#101;&#116;&#101;&#114;&#115;&#32;&#97;&#115;&#32;&#97;&#32;&#102;&#97;&#115;&#116;&#32;&#111;&#118;&#101;&#114;&#118;&#105;&#101;&#119;&#32;&#97;&#116;&#32;&#116;&#104;&#101;&#32;&#100;&#97;&#115;&#104;&#98;&#111;&#97;&#114;&#100;&#32;&#104;&#111;&#109;&#101;&#32;&#112;&#97;&#103;&#101;&#46;&#32;&#49;&#41;&#32;&#73;&#110;&#115;&#116;&#97;&#108;&#108;&#101;&#100;&#32;&#84;&#101;&#109;&#112;&#108;&#97;&#116;&#101;&#32;&#40;&#105;&#110;&#115;&#116;&#97;&#108;&#108;&#101;&#100;&#44;&#109;&#111;&#100;&#105;&#102;&#105;&#101;&#100;&#32;&#100;&#97;&#116;&#101;&#41;&#44;&#32;&#50;&#41;&#32;&#77;&#111;&#100;&#117;&#108;&#101;&#115;&#32;&#73;&#110;&#115;&#116;&#97;&#108;&#108;&#101;&#100;&#32;&#67;&#111;&#117;&#110;&#116;&#44;&#32;&#51;&#41;&#32;&#85;&#115;&#101;&#114;&#32;&#73;&#110;&#115;&#116;&#97;&#108;&#108;&#101;&#100;&#32;&#67;&#111;&#117;&#110;&#116;&#32;&#40;&#43;&#110;&#101;&#119;&#41;&#40;&#115;&#117;&#112;&#101;&#114;&#117;&#115;&#101;&#114;&#115;&#32;&#99;&#111;&#117;&#110;&#116;&#47;&#101;&#97;&#99;&#104;&#32;&#117;&#115;&#101;&#114;&#103;&#114;&#111;&#117;&#112;&#41;&#44;&#32;&#52;&#41;&#32;&#80;&#97;&#103;&#101;&#115;&#32;&#73;&#110;&#115;&#116;&#97;&#108;&#108;&#101;&#100;&#32;&#67;&#111;&#117;&#110;&#116;&#44;&#32;&#53;&#41;&#32;&#80;&#111;&#115;&#116;&#32;&#73;&#110;&#115;&#116;&#97;&#108;&#108;&#101;&#100;&#32;&#67;&#111;&#117;&#110;&#116;&#32;&#40;&#43;&#110;&#101;&#119;&#41;&#44;&#32;&#54;&#41;&#32;&#84;&#97;&#120;&#111;&#110;&#111;&#109;&#121;&#32;&#71;&#114;&#111;&#117;&#112;&#115;&#32;&#67;&#111;&#117;&#110;&#116;&#44;&#32;&#55;&#41;&#32;&#84;&#111;&#116;&#97;&#108;&#32;&#116;&#97;&#120;&#111;&#110;&#111;&#109;&#105;&#101;&#115;&#44;&#32;&#67;&#111;&#117;&#110;&#116;&#44;&#32;&#56;&#41;&#32;&#77;&#101;&#110;&#117;&#115;&#32;&#97;&#99;&#116;&#105;&#118;&#101;&#47;&#116;&#111;&#116;&#97;&#108;&#32;&#97;&#116;&#32;&#105;&#110;&#115;&#116;&#97;&#108;&#108;&#101;&#100;&#32;&#116;&#101;&#109;&#112;&#108;&#97;&#116;&#101;&#60;&#47;&#112;&#62;&#60;&#117;&#108;&#62;&#60;&#108;&#105;&#62;&#60;&#98;&#62;&#83;&#69;&#79;&#32;&#80;&#97;&#103;&#101;&#38;&#110;&#98;&#115;&#112;&#59;&#60;&#47;&#98;&#62;&#84;&#97;&#98;&#108;&#101;&#32;&#119;&#105;&#116;&#104;&#32;&#80;&#111;&#115;&#116;&#115;&#44;&#32;&#80;&#97;&#103;&#101;&#115;&#32;&#97;&#110;&#100;&#32;&#85;&#115;&#101;&#114;&#115;&#32;&#67;&#111;&#110;&#116;&#101;&#110;&#116;&#46;&#32;&#65;&#108;&#108;&#32;&#116;&#104;&#105;&#115;&#32;&#99;&#111;&#110;&#116;&#101;&#110;&#116;&#32;&#105;&#115;&#32;&#83;&#69;&#79;&#32;&#97;&#99;&#99;&#111;&#114;&#100;&#105;&#110;&#103;&#32;&#116;&#111;&#32;&#112;&#114;&#105;&#111;&#114;&#105;&#116;&#121;&#32;&#105;&#115;&#32;&#117;&#115;&#101;&#100;&#32;&#102;&#114;&#111;&#109;&#32;&#116;&#104;&#101;&#32;&#115;&#121;&#115;&#116;&#101;&#109;&#32;&#116;&#111;&#32;&#99;&#114;&#101;&#97;&#116;&#101;&#32;&#120;&#109;&#108;&#32;&#102;&#105;&#108;&#101;&#115;&#32;&#102;&#111;&#114;&#32;&#116;&#104;&#101;&#32;&#83;&#101;&#97;&#114;&#99;&#104;&#32;&#69;&#110;&#103;&#105;&#110;&#101;&#115;&#46;&#32;&#89;&#111;&#117;&#32;&#99;&#97;&#110;&#32;&#114;&#101;&#118;&#105;&#101;&#119;&#32;&#120;&#109;&#108;&#32;&#102;&#105;&#108;&#101;&#115;&#44;&#32;&#99;&#114;&#101;&#97;&#116;&#101;&#32;&#97;&#110;&#100;&#32;&#100;&#101;&#108;&#101;&#116;&#101;&#32;&#116;&#104;&#101;&#109;&#46;&#60;&#47;&#108;&#105;&#62;&#60;&#108;&#105;&#62;&#60;&#98;&#62;&#77;&#101;&#110;&#117;&#32;&#80;&#97;&#103;&#101;&#32;&#60;&#47;&#98;&#62;&#102;&#111;&#114;&#32;&#109;&#101;&#110;&#117;&#32;&#109;&#97;&#110;&#97;&#103;&#101;&#109;&#101;&#110;&#116;&#46;&#60;&#47;&#108;&#105;&#62;&#60;&#108;&#105;&#62;&#60;&#98;&#62;&#77;&#111;&#100;&#117;&#108;&#101;&#115;&#32;&#80;&#97;&#103;&#101;&#32;&#60;&#47;&#98;&#62;&#116;&#111;&#32;&#99;&#114;&#101;&#97;&#116;&#101;&#32;&#101;&#100;&#105;&#116;&#32;&#97;&#110;&#100;&#32;&#109;&#97;&#110;&#97;&#103;&#101;&#32;&#109;&#111;&#100;&#117;&#108;&#101;&#115;&#46;&#60;&#47;&#108;&#105;&#62;&#60;&#108;&#105;&#62;&#60;&#98;&#62;&#76;&#111;&#99;&#97;&#108;&#32;&#80;&#97;&#103;&#101;&#32;&#60;&#47;&#98;&#62;&#116;&#111;&#32;&#105;&#110;&#99;&#108;&#117;&#100;&#101;&#32;&#108;&#97;&#110;&#103;&#117;&#97;&#103;&#101;&#115;&#32;&#116;&#111;&#32;&#119;&#101;&#98;&#115;&#105;&#116;&#101;&#46;&#60;&#47;&#108;&#105;&#62;&#60;&#108;&#105;&#62;&#60;&#98;&#62;&#77;&#101;&#100;&#105;&#97;&#32;&#80;&#97;&#103;&#101;&#32;&#60;&#47;&#98;&#62;&#116;&#111;&#32;&#109;&#97;&#110;&#97;&#103;&#101;&#32;&#117;&#112;&#108;&#111;&#97;&#100;&#101;&#100;&#32;&#102;&#105;&#108;&#101;&#115;&#32;&#97;&#110;&#100;&#32;&#105;&#109;&#97;&#103;&#101;&#115;&#46;&#60;&#47;&#108;&#105;&#62;&#60;&#108;&#105;&#62;&#60;&#98;&#62;&#85;&#115;&#101;&#114;&#115;&#32;&#80;&#97;&#103;&#101;&#32;&#60;&#47;&#98;&#62;&#116;&#111;&#32;&#99;&#114;&#101;&#97;&#116;&#101;&#32;&#117;&#115;&#101;&#114;&#103;&#114;&#111;&#117;&#112;&#115;&#32;&#97;&#110;&#100;&#32;&#109;&#97;&#110;&#97;&#103;&#101;&#32;&#117;&#115;&#101;&#114;&#115;&#46;&#60;&#47;&#108;&#105;&#62;&#60;&#108;&#105;&#62;&#60;&#98;&#62;&#80;&#111;&#115;&#116;&#115;&#32;&#80;&#97;&#103;&#101;&#32;&#60;&#47;&#98;&#62;&#116;&#111;&#32;&#99;&#114;&#101;&#97;&#116;&#101;&#32;&#112;&#111;&#115;&#116;&#103;&#114;&#111;&#117;&#112;&#115;&#32;&#97;&#110;&#100;&#32;&#109;&#97;&#110;&#97;&#103;&#101;&#32;&#112;&#111;&#115;&#116;&#115;&#46;&#60;&#47;&#108;&#105;&#62;&#60;&#108;&#105;&#62;&#60;&#98;&#62;&#84;&#97;&#120;&#111;&#110;&#111;&#109;&#121;&#32;&#80;&#97;&#103;&#101;&#38;&#110;&#98;&#115;&#112;&#59;&#60;&#47;&#98;&#62;&#116;&#111;&#32;&#99;&#114;&#101;&#97;&#116;&#101;&#32;&#116;&#97;&#120;&#103;&#114;&#111;&#117;&#112;&#115;&#32;&#97;&#110;&#100;&#32;&#109;&#97;&#110;&#97;&#103;&#101;&#32;&#116;&#97;&#120;&#111;&#110;&#111;&#109;&#105;&#101;&#115;&#46;&#60;&#47;&#108;&#105;&#62;&#60;&#108;&#105;&#62;&#60;&#98;&#62;&#65;&#112;&#112;&#115;&#32;&#80;&#97;&#103;&#101;&#32;&#60;&#47;&#98;&#62;&#116;&#111;&#32;&#105;&#110;&#115;&#116;&#97;&#108;&#108;&#32;&#97;&#110;&#100;&#32;&#109;&#97;&#110;&#97;&#103;&#101;&#32;&#97;&#112;&#112;&#115;&#46;&#60;&#47;&#108;&#105;&#62;&#60;&#108;&#105;&#62;&#60;&#98;&#62;&#84;&#101;&#109;&#112;&#108;&#97;&#116;&#101;&#115;&#32;&#80;&#97;&#103;&#101;&#32;&#60;&#47;&#98;&#62;&#116;&#111;&#32;&#105;&#110;&#115;&#116;&#97;&#108;&#108;&#32;&#116;&#101;&#109;&#112;&#108;&#97;&#116;&#101;&#44;&#32;&#109;&#97;&#110;&#97;&#103;&#101;&#32;&#116;&#101;&#109;&#112;&#108;&#97;&#116;&#101;&#32;&#115;&#101;&#116;&#116;&#105;&#110;&#103;&#115;&#32;&#97;&#110;&#100;&#32;&#99;&#114;&#101;&#97;&#116;&#101;&#32;&#110;&#101;&#119;&#32;&#119;&#105;&#116;&#104;&#32;&#84;&#101;&#109;&#112;&#108;&#97;&#116;&#101;&#32;&#87;&#105;&#122;&#97;&#114;&#100;&#60;&#47;&#108;&#105;&#62;&#60;&#108;&#105;&#62;&#60;&#98;&#62;&#80;&#97;&#103;&#101;&#115;&#32;&#80;&#97;&#103;&#101;&#32;&#60;&#47;&#98;&#62;&#116;&#111;&#32;&#99;&#114;&#101;&#97;&#116;&#101;&#32;&#99;&#117;&#115;&#116;&#111;&#109;&#32;&#104;&#116;&#109;&#108;&#32;&#112;&#97;&#103;&#101;&#32;&#111;&#114;&#32;&#112;&#114;&#101;&#115;&#116;&#121;&#108;&#101;&#100;&#32;&#112;&#97;&#103;&#101;&#115;&#32;&#98;&#121;&#32;&#105;&#110;&#115;&#101;&#114;&#116;&#105;&#110;&#103;&#32;&#109;&#111;&#100;&#117;&#108;&#101;&#115;&#46;&#60;&#47;&#108;&#105;&#62;&#60;&#47;&#117;&#108;&#62;','','1.0',1483526539,1483526539,1483526539);
INSERT INTO `post` VALUES (12,1,'notifications',1,'[]',NULL,'Notifications','',10,2,1,'','&#60;&#112;&#62;&#78;&#111;&#116;&#105;&#102;&#105;&#99;&#97;&#116;&#105;&#111;&#110;&#115;&#32;&#105;&#110;&#32;&#103;&#97;&#105;&#97;&#115;&#121;&#115;&#32;&#49;&#46;&#48;&#32;&#103;&#105;&#118;&#101;&#115;&#32;&#97;&#32;&#116;&#111;&#116;&#97;&#108;&#32;&#97;&#109;&#111;&#117;&#110;&#116;&#32;&#111;&#102;&#32;&#102;&#97;&#99;&#116;&#111;&#114;&#115;&#32;&#97;&#110;&#100;&#32;&#100;&#101;&#116;&#97;&#105;&#108;&#115;&#32;&#116;&#104;&#97;&#116;&#32;&#104;&#97;&#118;&#101;&#32;&#116;&#111;&#32;&#98;&#101;&#32;&#102;&#117;&#108;&#108;&#102;&#105;&#108;&#108;&#101;&#100;&#44;&#32;&#115;&#111;&#32;&#97;&#115;&#32;&#116;&#104;&#101;&#32;&#115;&#121;&#115;&#116;&#101;&#109;&#32;&#105;&#115;&#32;&#97;&#99;&#116;&#105;&#118;&#101;&#32;&#97;&#110;&#100;&#32;&#104;&#101;&#97;&#108;&#116;&#104;&#121;&#46;&#60;&#47;&#112;&#62;&#60;&#98;&#108;&#111;&#99;&#107;&#113;&#117;&#111;&#116;&#101;&#62;&#49;&#41;&#32;&#79;&#110;&#101;&#32;&#116;&#101;&#109;&#112;&#108;&#97;&#116;&#101;&#32;&#105;&#115;&#32;&#105;&#110;&#115;&#116;&#97;&#108;&#108;&#101;&#100;&#32;&#40;&#101;&#108;&#115;&#101;&#32;&#73;&#110;&#115;&#116;&#97;&#108;&#108;&#32;&#84;&#101;&#109;&#112;&#108;&#97;&#116;&#101;&#41;&#60;&#98;&#114;&#62;&#50;&#41;&#32;&#80;&#97;&#103;&#101;&#115;&#32;&#97;&#110;&#100;&#32;&#116;&#101;&#109;&#112;&#108;&#97;&#116;&#101;&#32;&#102;&#111;&#108;&#100;&#101;&#114;&#32;&#97;&#114;&#101;&#32;&#99;&#114;&#101;&#97;&#116;&#101;&#100;&#32;&#105;&#110;&#32;&#116;&#101;&#109;&#112;&#108;&#97;&#116;&#101;&#32;&#102;&#111;&#108;&#100;&#101;&#114;&#32;&#40;&#101;&#108;&#115;&#101;&#32;&#67;&#114;&#101;&#97;&#116;&#101;&#32;&#80;&#97;&#103;&#101;&#115;&#41;&#60;&#98;&#114;&#62;&#51;&#41;&#32;&#77;&#111;&#100;&#117;&#108;&#101;&#115;&#32;&#97;&#110;&#100;&#32;&#116;&#101;&#109;&#112;&#108;&#97;&#116;&#101;&#32;&#102;&#111;&#108;&#100;&#101;&#114;&#32;&#97;&#114;&#101;&#32;&#99;&#114;&#101;&#97;&#116;&#101;&#100;&#32;&#105;&#110;&#32;&#109;&#111;&#100;&#117;&#108;&#101;&#115;&#32;&#102;&#111;&#108;&#100;&#101;&#114;&#32;&#40;&#101;&#108;&#115;&#101;&#32;&#67;&#114;&#101;&#97;&#116;&#101;&#32;&#77;&#111;&#100;&#117;&#108;&#101;&#115;&#41;&#60;&#98;&#114;&#62;&#52;&#41;&#32;&#82;&#101;&#113;&#117;&#105;&#114;&#101;&#100;&#32;&#103;&#108;&#111;&#98;&#97;&#108;&#32;&#97;&#114;&#101;&#32;&#103;&#105;&#118;&#101;&#110;&#46;&#32;&#40;&#101;&#108;&#115;&#101;&#32;&#102;&#105;&#108;&#108;&#32;&#116;&#104;&#101;&#32;&#114;&#101;&#113;&#117;&#105;&#114;&#101;&#100;&#32;&#103;&#108;&#111;&#98;&#97;&#108;&#115;&#41;&#60;&#98;&#114;&#62;&#53;&#41;&#32;&#82;&#101;&#113;&#117;&#105;&#114;&#101;&#100;&#32;&#112;&#97;&#103;&#101;&#118;&#97;&#114;&#115;&#32;&#97;&#114;&#101;&#32;&#103;&#105;&#118;&#101;&#110;&#46;&#32;&#40;&#101;&#108;&#115;&#101;&#32;&#102;&#105;&#108;&#108;&#32;&#116;&#104;&#101;&#32;&#114;&#101;&#113;&#117;&#105;&#114;&#101;&#100;&#32;&#112;&#97;&#103;&#101;&#32;&#118;&#97;&#114;&#115;&#41;&#60;&#98;&#114;&#62;&#54;&#41;&#32;&#82;&#101;&#113;&#117;&#105;&#114;&#101;&#100;&#32;&#103;&#97;&#105;&#97;&#32;&#115;&#121;&#115;&#116;&#101;&#109;&#32;&#102;&#111;&#108;&#100;&#101;&#114;&#115;&#32;&#97;&#110;&#100;&#32;&#102;&#105;&#108;&#101;&#115;&#32;&#101;&#120;&#105;&#115;&#116;&#32;&#40;&#101;&#108;&#115;&#101;&#32;&#114;&#101;&#105;&#110;&#115;&#116;&#97;&#108;&#108;&#32;&#103;&#97;&#105;&#97;&#32;&#115;&#121;&#115;&#41;&#60;&#47;&#98;&#108;&#111;&#99;&#107;&#113;&#117;&#111;&#116;&#101;&#62;','','1.0',1483526651,1483526651,1483526651);
INSERT INTO `post` VALUES (13,1,'gs-objects',0,'[]',NULL,'objects','',9,2,1,'','&#60;&#98;&#108;&#111;&#99;&#107;&#113;&#117;&#111;&#116;&#101;&#62;&#79;&#98;&#106;&#101;&#99;&#116;&#115;&#32;&#97;&#114;&#101;&#32;&#117;&#112;&#108;&#111;&#97;&#100;&#101;&#100;&#32;&#102;&#105;&#108;&#101;&#115;&#32;&#97;&#110;&#100;&#32;&#105;&#109;&#97;&#103;&#101;&#115;&#46;&#38;&#110;&#98;&#115;&#112;&#59;&#60;&#47;&#98;&#108;&#111;&#99;&#107;&#113;&#117;&#111;&#116;&#101;&#62;&#60;&#112;&#62;&#83;&#99;&#104;&#101;&#109;&#97;&#32;&#99;&#111;&#110;&#116;&#97;&#105;&#110;&#115;&#58;&#32;&#959;&#98;&#106;&#40;&#101;&#99;&#116;&#115;&#41;&#44;&#32;&#111;&#98;&#106;&#40;&#101;&#99;&#116;&#41;&#32;&#118;&#105;&#101;&#119;&#40;&#115;&#41;&#32;&#97;&#110;&#100;&#32;&#111;&#98;&#106;&#40;&#101;&#99;&#116;&#41;&#103;&#114;&#111;&#117;&#112;&#115;&#60;&#47;&#112;&#62;&#60;&#112;&#62;&#79;&#98;&#106;&#32;&#98;&#101;&#108;&#111;&#110;&#103;&#115;&#32;&#116;&#111;&#32;&#97;&#110;&#32;&#111;&#98;&#106;&#103;&#114;&#111;&#117;&#112;&#105;&#100;&#32;&#97;&#110;&#100;&#32;&#104;&#97;&#115;&#32;&#97;&#32;&#103;&#108;&#111;&#98;&#97;&#108;&#32;&#116;&#105;&#116;&#108;&#101;&#44;&#102;&#105;&#108;&#101;&#110;&#97;&#109;&#101;&#44;&#115;&#116;&#97;&#116;&#117;&#115;&#40;&#48;&#58;&#100;&#101;&#108;&#101;&#116;&#101;&#100;&#44;&#49;&#58;&#105;&#110;&#97;&#99;&#116;&#105;&#118;&#101;&#44;&#50;&#58;&#97;&#99;&#116;&#105;&#118;&#101;&#41;&#32;&#97;&#110;&#100;&#32;&#112;&#114;&#105;&#118;&#97;&#99;&#121;&#32;&#40;&#48;&#58;&#104;&#105;&#100;&#100;&#101;&#110;&#44;&#32;&#49;&#58;&#118;&#105;&#115;&#105;&#98;&#108;&#101;&#41;&#32;&#102;&#111;&#114;&#32;&#97;&#108;&#108;&#32;&#105;&#110;&#115;&#116;&#97;&#110;&#99;&#101;&#115;&#44;&#60;&#47;&#112;&#62;&#60;&#112;&#62;&#97;&#110;&#100;&#32;&#116;&#105;&#109;&#101;&#115;&#116;&#97;&#109;&#112;&#115;&#58;&#32;&#99;&#114;&#101;&#97;&#116;&#101;&#100;&#32;&#97;&#110;&#100;&#32;&#109;&#111;&#100;&#105;&#102;&#105;&#101;&#100;&#32;&#40;&#116;&#104;&#105;&#115;&#32;&#99;&#104;&#97;&#110;&#103;&#101;&#115;&#32;&#119;&#104;&#101;&#110;&#32;&#111;&#98;&#106;&#118;&#105;&#101;&#119;&#32;&#105;&#115;&#32;&#97;&#100;&#100;&#101;&#100;&#32;&#111;&#114;&#32;&#100;&#101;&#108;&#101;&#116;&#101;&#100;&#41;&#46;&#60;&#47;&#112;&#62;&#60;&#112;&#62;&#79;&#98;&#106;&#101;&#99;&#116;&#32;&#118;&#105;&#101;&#119;&#115;&#32;&#97;&#114;&#101;&#32;&#100;&#105;&#102;&#102;&#101;&#114;&#101;&#110;&#116;&#32;&#111;&#98;&#106;&#32;&#105;&#110;&#115;&#116;&#97;&#110;&#99;&#101;&#115;&#32;&#119;&#105;&#116;&#104;&#32;&#108;&#105;&#110;&#107;&#105;&#100;&#32;&#116;&#104;&#101;&#32;&#105;&#100;&#32;&#111;&#102;&#32;&#116;&#104;&#101;&#32;&#116;&#97;&#98;&#108;&#101;&#32;&#116;&#104;&#97;&#116;&#32;&#105;&#115;&#32;&#108;&#105;&#110;&#107;&#101;&#100;&#32;&#105;&#110;&#32;&#40;&#101;&#103;&#32;&#112;&#111;&#115;&#116;&#46;&#105;&#100;&#44;&#117;&#115;&#101;&#114;&#46;&#105;&#100;&#41;&#46;&#60;&#47;&#112;&#62;&#60;&#112;&#62;&#79;&#98;&#106;&#101;&#99;&#116;&#32;&#103;&#114;&#111;&#117;&#112;&#115;&#32;&#99;&#111;&#110;&#116;&#97;&#105;&#110;&#115;&#32;&#110;&#97;&#109;&#101;&#32;&#97;&#110;&#100;&#32;&#102;&#111;&#114;&#109;&#97;&#116;&#40;&#49;&#58;&#105;&#109;&#97;&#103;&#101;&#115;&#44;&#50;&#58;&#102;&#105;&#108;&#101;&#115;&#41;&#38;&#110;&#98;&#115;&#112;&#59;&#99;&#117;&#115;&#116;&#111;&#109;&#105;&#115;&#101;&#100;&#32;&#111;&#98;&#106;&#101;&#99;&#116;&#32;&#103;&#114;&#111;&#117;&#112;&#115;&#32;&#97;&#110;&#100;&#32;&#109;&#117;&#108;&#116;&#105;&#112;&#108;&#101;&#32;&#111;&#98;&#106;&#101;&#99;&#116;&#32;&#103;&#114;&#111;&#117;&#112;&#115;&#60;&#47;&#112;&#62;','','1.0',1483526744,1483526744,1483526744);
INSERT INTO `post` VALUES (14,1,'gs-myth',34,'[]',NULL,'The myth','',4,2,1,'','<p>In Greek mythology, Gaia from Ancient Greek \"land\" or \"earth\" in Greek mythology, also spelled Gaea, was the personification of the Earth and one of the Greek primordial deities. Gaia was the great mother of all: the primal Greek Mother Goddess; creator and giver of birth to the Earth and all the Universe; the heavenly gods, the Titans, and the Giants were born to her. </p><p>\n\n</p><p>As any myth that is based on facts, discoveries and inventions, Gaiasys has the vision to become a CMS and a platform bridging web and mobile technologies. Gaia is intended to be the root system for creating apps and websites and a creative lab where other elements can exist.&nbsp;</p>','','1.0',1483595552,1559719020,1483595552);
INSERT INTO `post` VALUES (15,1,'doc-wizard',1,'[]','newpaint.jpg','Template wizard','An interactive guide to create a template',6,2,1,'','&#60;&#112;&#62;&#65;&#32;&#119;&#101;&#98;&#115;&#105;&#116;&#101;&#32;&#105;&#110;&#116;&#101;&#114;&#102;&#97;&#99;&#101;&#32;&#105;&#115;&#32;&#97;&#110;&#32;&#97;&#99;&#116;&#105;&#118;&#101;&#32;&#116;&#101;&#109;&#112;&#108;&#97;&#116;&#101;&#46;&#32;&#73;&#110;&#32;&#71;&#97;&#105;&#97;&#115;&#121;&#115;&#32;&#121;&#111;&#117;&#32;&#99;&#97;&#110;&#32;&#99;&#114;&#101;&#97;&#116;&#101;&#32;&#97;&#115;&#32;&#109;&#97;&#110;&#121;&#32;&#116;&#101;&#109;&#112;&#108;&#97;&#116;&#101;&#115;&#32;&#97;&#115;&#32;&#121;&#111;&#117;&#32;&#108;&#105;&#107;&#101;&#32;&#97;&#110;&#100;&#32;&#97;&#99;&#116;&#105;&#118;&#97;&#116;&#101;&#32;&#111;&#110;&#101;&#46;&#32;&#71;&#97;&#105;&#97;&#115;&#121;&#115;&#32;&#100;&#111;&#101;&#115;&#32;&#110;&#111;&#116;&#32;&#115;&#117;&#112;&#112;&#111;&#114;&#116;&#32;&#109;&#117;&#108;&#116;&#105;&#112;&#108;&#101;&#32;&#116;&#101;&#109;&#112;&#108;&#97;&#116;&#101;&#115;&#32;&#105;&#110;&#32;&#97;&#32;&#119;&#101;&#98;&#115;&#105;&#116;&#101;&#44;&#32;&#98;&#117;&#116;&#32;&#121;&#111;&#117;&#32;&#99;&#97;&#110;&#32;&#99;&#114;&#101;&#97;&#116;&#101;&#32;&#109;&#117;&#108;&#116;&#105;&#112;&#108;&#101;&#32;&#112;&#97;&#103;&#101;&#115;&#32;&#40;&#99;&#117;&#115;&#116;&#111;&#109;&#32;&#111;&#114;&#32;&#112;&#114;&#101;&#115;&#116;&#121;&#108;&#101;&#100;&#32;&#115;&#116;&#121;&#108;&#101;&#115;&#104;&#101;&#101;&#116;&#115;&#41;&#32;&#116;&#111;&#32;&#103;&#105;&#118;&#101;&#32;&#109;&#117;&#99;&#104;&#32;&#118;&#97;&#114;&#105;&#101;&#116;&#121;&#32;&#115;&#116;&#121;&#108;&#101;&#115;&#104;&#101;&#101;&#116;&#115;&#32;&#97;&#115;&#32;&#121;&#111;&#117;&#32;&#100;&#101;&#115;&#105;&#114;&#101;&#46;&#60;&#47;&#112;&#62;&#60;&#112;&#62;&#84;&#104;&#101;&#32;&#84;&#101;&#109;&#112;&#108;&#97;&#116;&#101;&#32;&#119;&#105;&#122;&#97;&#114;&#100;&#32;&#105;&#115;&#32;&#97;&#110;&#32;&#60;&#105;&#62;&#105;&#110;&#116;&#101;&#114;&#97;&#99;&#116;&#105;&#118;&#101;&#32;&#103;&#117;&#105;&#100;&#101;&#60;&#47;&#105;&#62;&#32;&#116;&#111;&#32;&#115;&#116;&#97;&#114;&#116;&#32;&#99;&#114;&#101;&#97;&#116;&#105;&#110;&#103;&#32;&#97;&#32;&#116;&#101;&#109;&#112;&#108;&#97;&#116;&#101;&#46;&#38;&#110;&#98;&#115;&#112;&#59;&#60;&#47;&#112;&#62;&#60;&#112;&#62;&#73;&#110;&#115;&#101;&#114;&#116;&#32;&#116;&#104;&#101;&#32;&#98;&#97;&#115;&#105;&#99;&#32;&#116;&#101;&#109;&#112;&#108;&#97;&#116;&#101;&#32;&#115;&#101;&#116;&#116;&#105;&#110;&#103;&#115;&#58;&#32;&#60;&#98;&#62;&#116;&#101;&#109;&#112;&#108;&#97;&#116;&#101;&#32;&#110;&#97;&#109;&#101;&#60;&#47;&#98;&#62;&#44;&#38;&#110;&#98;&#115;&#112;&#59;&#60;&#98;&#62;&#100;&#101;&#118;&#101;&#108;&#111;&#112;&#101;&#114;&#39;&#115;&#32;&#60;&#47;&#98;&#62;&#97;&#110;&#100;&#32;&#60;&#98;&#62;&#100;&#101;&#115;&#105;&#103;&#110;&#101;&#114;&#32;&#60;&#47;&#98;&#62;&#110;&#97;&#109;&#101;&#32;&#97;&#110;&#100;&#32;&#97;&#32;&#60;&#98;&#62;&#115;&#117;&#109;&#109;&#97;&#114;&#121;&#32;&#60;&#47;&#98;&#62;&#116;&#104;&#97;&#116;&#32;&#100;&#101;&#115;&#99;&#114;&#105;&#98;&#101;&#115;&#32;&#121;&#111;&#117;&#114;&#32;&#116;&#101;&#109;&#112;&#108;&#97;&#116;&#101;&#46;&#60;&#47;&#112;&#62;&#60;&#112;&#62;&#67;&#104;&#111;&#111;&#115;&#101;&#32;&#121;&#111;&#117;&#114;&#32;&#60;&#98;&#62;&#84;&#101;&#109;&#112;&#108;&#97;&#116;&#101;&#32;&#108;&#97;&#121;&#111;&#117;&#116;&#60;&#47;&#98;&#62;&#58;&#32;&#65;&#108;&#108;&#32;&#116;&#101;&#109;&#112;&#108;&#97;&#116;&#101;&#115;&#32;&#104;&#97;&#118;&#101;&#32;&#53;&#32;&#98;&#97;&#115;&#105;&#99;&#32;&#97;&#114;&#101;&#97;&#115;&#58;&#32;&#60;&#47;&#112;&#62;&#60;&#117;&#108;&#62;&#60;&#108;&#105;&#62;&#60;&#98;&#62;&#72;&#101;&#97;&#100;&#101;&#114;&#32;&#60;&#47;&#98;&#62;&#105;&#115;&#32;&#116;&#104;&#101;&#32;&#116;&#111;&#112;&#32;&#112;&#97;&#114;&#116;&#44;&#32;&#116;&#104;&#101;&#32;&#104;&#101;&#97;&#100;&#32;&#111;&#102;&#32;&#121;&#111;&#117;&#114;&#32;&#119;&#101;&#98;&#115;&#105;&#116;&#101;&#44;&#60;&#98;&#62;&#38;&#110;&#98;&#115;&#112;&#59;&#60;&#47;&#98;&#62;&#119;&#104;&#101;&#114;&#101;&#32;&#116;&#104;&#101;&#32;&#119;&#101;&#98;&#115;&#105;&#116;&#101;&#32;&#116;&#105;&#116;&#108;&#101;&#44;&#32;&#116;&#111;&#112;&#32;&#109;&#101;&#110;&#117;&#32;&#97;&#110;&#100;&#32;&#115;&#111;&#109;&#101;&#32;&#111;&#116;&#104;&#101;&#114;&#32;&#98;&#97;&#115;&#105;&#99;&#32;&#101;&#108;&#101;&#109;&#101;&#110;&#116;&#115;&#32;&#97;&#114;&#101;&#32;&#112;&#108;&#97;&#99;&#101;&#100;&#46;&#32;&#84;&#104;&#105;&#115;&#32;&#112;&#97;&#114;&#116;&#32;&#105;&#115;&#32;&#99;&#111;&#109;&#109;&#111;&#110;&#32;&#105;&#110;&#32;&#97;&#108;&#108;&#32;&#112;&#97;&#103;&#101;&#115;&#46;&#60;&#47;&#108;&#105;&#62;&#60;&#108;&#105;&#62;&#60;&#98;&#62;&#77;&#97;&#105;&#110;&#32;&#60;&#47;&#98;&#62;&#112;&#97;&#114;&#116;&#32;&#119;&#104;&#101;&#114;&#101;&#32;&#112;&#111;&#115;&#116;&#115;&#32;&#97;&#110;&#100;&#32;&#109;&#97;&#105;&#110;&#32;&#99;&#111;&#110;&#116;&#101;&#110;&#116;&#32;&#105;&#115;&#32;&#101;&#110;&#116;&#101;&#114;&#101;&#100;&#46;&#32;&#84;&#104;&#105;&#115;&#32;&#99;&#111;&#110;&#116;&#101;&#110;&#116;&#32;&#105;&#115;&#32;&#117;&#115;&#117;&#97;&#108;&#108;&#121;&#32;&#100;&#105;&#102;&#102;&#101;&#114;&#101;&#110;&#116;&#32;&#105;&#110;&#32;&#101;&#118;&#101;&#114;&#121;&#32;&#112;&#97;&#103;&#101;&#46;&#60;&#98;&#114;&#62;&#60;&#47;&#108;&#105;&#62;&#60;&#108;&#105;&#62;&#60;&#98;&#62;&#83;&#105;&#100;&#101;&#98;&#97;&#114;&#115;&#32;&#60;&#47;&#98;&#62;&#97;&#114;&#101;&#38;&#110;&#98;&#115;&#112;&#59;&#111;&#110;&#101;&#32;&#111;&#114;&#32;&#38;&#110;&#98;&#115;&#112;&#59;&#116;&#119;&#111;&#44;&#32;&#108;&#101;&#102;&#116;&#32;&#111;&#114;&#32;&#114;&#105;&#103;&#104;&#116;&#44;&#32;&#116;&#104;&#101;&#32;&#97;&#114;&#101;&#97;&#32;&#119;&#104;&#101;&#114;&#101;&#32;&#119;&#105;&#100;&#103;&#101;&#116;&#115;&#32;&#111;&#114;&#32;&#101;&#120;&#116;&#114;&#97;&#32;&#109;&#111;&#100;&#117;&#108;&#101;&#115;&#32;&#97;&#114;&#101;&#32;&#112;&#108;&#97;&#99;&#101;&#100;&#46;&#32;&#84;&#104;&#105;&#115;&#32;&#99;&#111;&#110;&#116;&#101;&#110;&#116;&#32;&#99;&#97;&#110;&#32;&#98;&#101;&#32;&#99;&#111;&#109;&#109;&#111;&#110;&#32;&#111;&#114;&#32;&#100;&#105;&#102;&#102;&#101;&#114;&#101;&#110;&#116;&#32;&#105;&#110;&#32;&#101;&#118;&#101;&#114;&#121;&#32;&#111;&#114;&#32;&#115;&#111;&#109;&#101;&#32;&#112;&#97;&#103;&#101;&#115;&#46;&#60;&#47;&#108;&#105;&#62;&#60;&#108;&#105;&#62;&#60;&#98;&#62;&#87;&#114;&#97;&#112;&#112;&#101;&#114;&#32;&#60;&#47;&#98;&#62;&#40;&#116;&#104;&#101;&#32;&#98;&#111;&#100;&#121;&#32;&#116;&#104;&#97;&#116;&#32;&#119;&#114;&#97;&#112;&#115;&#32;&#115;&#105;&#100;&#101;&#98;&#97;&#114;&#115;&#32;&#119;&#105;&#116;&#104;&#32;&#116;&#104;&#101;&#32;&#109;&#97;&#105;&#110;&#32;&#112;&#97;&#114;&#116;&#32;&#111;&#102;&#32;&#119;&#101;&#98;&#115;&#105;&#116;&#101;&#41;&#46;&#60;&#98;&#114;&#62;&#60;&#47;&#108;&#105;&#62;&#60;&#108;&#105;&#62;&#60;&#98;&#62;&#70;&#111;&#111;&#116;&#101;&#114;&#60;&#47;&#98;&#62;&#32;&#99;&#97;&#110;&#32;&#98;&#101;&#32;&#112;&#97;&#114;&#116;&#32;&#111;&#102;&#32;&#116;&#104;&#101;&#32;&#87;&#114;&#97;&#112;&#112;&#101;&#114;&#44;&#32;&#98;&#117;&#116;&#32;&#105;&#110;&#32;&#84;&#101;&#109;&#112;&#108;&#97;&#116;&#101;&#32;&#87;&#105;&#122;&#97;&#114;&#100;&#32;&#119;&#101;&#32;&#112;&#114;&#101;&#115;&#101;&#108;&#101;&#99;&#116;&#32;&#105;&#116;&#32;&#97;&#115;&#32;&#97;&#32;&#115;&#101;&#112;&#97;&#114;&#97;&#116;&#101;&#32;&#112;&#97;&#114;&#116;&#46;&#32;&#73;&#116;&#32;&#99;&#97;&#110;&#32;&#99;&#111;&#110;&#116;&#97;&#105;&#110;&#115;&#32;&#109;&#111;&#114;&#101;&#32;&#119;&#105;&#100;&#103;&#101;&#116;&#115;&#32;&#97;&#110;&#100;&#32;&#109;&#111;&#100;&#117;&#108;&#101;&#115;&#32;&#116;&#104;&#97;&#116;&#32;&#121;&#111;&#117;&#32;&#119;&#97;&#110;&#116;&#32;&#116;&#111;&#32;&#98;&#101;&#32;&#99;&#111;&#109;&#109;&#111;&#110;&#32;&#105;&#115;&#32;&#97;&#108;&#108;&#32;&#112;&#97;&#103;&#101;&#115;&#44;&#32;&#97;&#116;&#32;&#116;&#104;&#101;&#32;&#98;&#111;&#116;&#116;&#111;&#109;&#32;&#111;&#102;&#32;&#116;&#104;&#101;&#32;&#119;&#101;&#98;&#115;&#105;&#116;&#101;&#46;&#60;&#47;&#108;&#105;&#62;&#60;&#47;&#117;&#108;&#62;&#60;&#112;&#62;&#85;&#115;&#101;&#32;&#60;&#98;&#62;&#84;&#101;&#109;&#112;&#108;&#97;&#116;&#101;&#32;&#83;&#116;&#121;&#108;&#101;&#114;&#60;&#47;&#98;&#62;&#32;&#116;&#111;&#32;&#103;&#105;&#118;&#101;&#32;&#116;&#104;&#101;&#32;&#98;&#97;&#115;&#105;&#99;&#32;&#115;&#116;&#121;&#108;&#101;&#32;&#116;&#104;&#97;&#116;&#32;&#121;&#111;&#117;&#32;&#119;&#97;&#110;&#116;&#32;&#116;&#111;&#32;&#115;&#97;&#118;&#101;&#32;&#105;&#110;&#32;&#121;&#111;&#117;&#114;&#32;&#110;&#101;&#119;&#32;&#116;&#101;&#109;&#112;&#108;&#97;&#116;&#101;&#46;&#32;&#89;&#111;&#117;&#32;&#99;&#97;&#110;&#32;&#99;&#104;&#97;&#110;&#103;&#101;&#32;&#105;&#116;&#32;&#97;&#102;&#116;&#101;&#114;&#32;&#116;&#104;&#101;&#32;&#116;&#101;&#109;&#112;&#108;&#97;&#116;&#101;&#32;&#105;&#115;&#32;&#115;&#97;&#118;&#101;&#100;&#44;&#32;&#98;&#117;&#116;&#32;&#105;&#116;&#32;&#104;&#101;&#108;&#112;&#115;&#32;&#121;&#111;&#117;&#32;&#104;&#97;&#118;&#101;&#32;&#97;&#110;&#32;&#105;&#110;&#105;&#116;&#105;&#97;&#108;&#32;&#105;&#109;&#97;&#103;&#101;&#46;&#32;&#67;&#117;&#115;&#116;&#111;&#109;&#105;&#122;&#101;&#32;&#119;&#105;&#100;&#116;&#104;&#44;&#32;&#104;&#101;&#105;&#103;&#104;&#116;&#44;&#32;&#99;&#111;&#108;&#111;&#114;&#115;&#32;&#97;&#110;&#100;&#32;&#104;&#101;&#97;&#100;&#108;&#105;&#110;&#101;&#115;&#32;&#102;&#111;&#114;&#32;&#101;&#97;&#99;&#104;&#32;&#108;&#97;&#121;&#111;&#117;&#116;&#32;&#97;&#114;&#101;&#97;&#46;&#60;&#47;&#112;&#62;&#60;&#112;&#62;&#60;&#105;&#62;&#80;&#114;&#101;&#115;&#115;&#32;&#83;&#97;&#118;&#101;&#32;&#60;&#47;&#105;&#62;&#97;&#110;&#100;&#32;&#121;&#111;&#117;&#114;&#32;&#110;&#101;&#119;&#32;&#116;&#101;&#109;&#112;&#108;&#97;&#116;&#101;&#32;&#105;&#115;&#32;&#99;&#114;&#101;&#97;&#116;&#101;&#100;&#32;&#105;&#110;&#32;&#121;&#111;&#117;&#114;&#32;&#60;&#105;&#62;&#84;&#101;&#109;&#112;&#108;&#97;&#116;&#101;&#32;&#102;&#111;&#108;&#100;&#101;&#114;&#60;&#47;&#105;&#62;&#46;&#60;&#47;&#112;&#62;','sdfgsdfgs','0.8',1484305446,1577794851,1484305446);
INSERT INTO `post` VALUES (16,1,'whatis',1,'[\"cms\"]','23847154_10214223072746389_5877820337674677612_o.jpg','What is?',NULL,0,2,1,NULL,'<p><span style=\"background-color: rgb(255, 255, 0);\">GaiaCMS&nbsp;</span>is the base system of web-development.\n       In its starting point GaiaCMS offers:&nbsp;\n       a) Template creation by breaking page to widgets and widgetized areas.&nbsp;\n       b) Integration of static html templates to a dynamic web application. The idea of this CMS is that breaking the big picture of a website into smaller reusable units, makes it really fast to setup&nbsp; and maintain.</p><p> &nbsp; &nbsp; &nbsp;<code>Features Active</code></p><ol>\n    <li> Create and customize a GaiaCMS template.</li>\n    <li> Integrate GaiaCMS&nbsp;to an html template.</li>\n    <li> Posts with Taxonomies and custom taxonomy groups.</li>\n    <li> Users with roles, permissions and custom usergroups.</li>\n    <li> Create Pages and Widgets with custom content.</li>\n    <li> Gaia.js javascript library.</li></ol><ol>\n    </ol><p></p>',NULL,NULL,0,1576259353,0);
/*!40101 SET @saved_cs_client     = @@character_set_client */;
/*!40101 SET character_set_client = utf8 */;
CREATE TABLE `postgrp` (
  `id` tinyint(3) unsigned NOT NULL AUTO_INCREMENT,
  `name` varchar(300) NOT NULL,
  `status` tinyint(1) unsigned NOT NULL DEFAULT 0,
  PRIMARY KEY (`id`)
) ENGINE=InnoDB AUTO_INCREMENT=3 DEFAULT CHARSET=utf8;
/*!40101 SET character_set_client = @saved_cs_client */;
INSERT INTO `postgrp` VALUES (1,'article',1);
INSERT INTO `postgrp` VALUES (2,'presentation',1);
/*!40101 SET @saved_cs_client     = @@character_set_client */;
/*!40101 SET character_set_client = utf8 */;
CREATE TABLE `tax` (
  `id` int(10) unsigned NOT NULL AUTO_INCREMENT,
  `parent` int(10) unsigned NOT NULL DEFAULT 0,
  `name` varchar(50) NOT NULL,
  `taxgrpid` tinyint(3) unsigned NOT NULL DEFAULT 1,
  PRIMARY KEY (`id`),
  KEY `type` (`taxgrpid`),
  KEY `group` (`taxgrpid`),
  CONSTRAINT `tax_ibfk_1` FOREIGN KEY (`taxgrpid`) REFERENCES `taxgrp` (`id`) ON DELETE CASCADE ON UPDATE CASCADE
) ENGINE=InnoDB AUTO_INCREMENT=43 DEFAULT CHARSET=utf8;
/*!40101 SET character_set_client = @saved_cs_client */;
INSERT INTO `tax` VALUES (1,0,'doc',1);
INSERT INTO `tax` VALUES (34,0,'glossary',1);
INSERT INTO `tax` VALUES (37,0,'projects',1);
INSERT INTO `tax` VALUES (42,37,'version',1);
/*!40101 SET @saved_cs_client     = @@character_set_client */;
/*!40101 SET character_set_client = utf8 */;
CREATE TABLE `taxgrp` (
  `id` tinyint(3) unsigned NOT NULL AUTO_INCREMENT,
  `name` varchar(40) NOT NULL,
  `status` tinyint(1) unsigned NOT NULL DEFAULT 1,
  `parenting` tinyint(1) unsigned NOT NULL DEFAULT 0,
  `multiple` tinyint(1) unsigned NOT NULL DEFAULT 0,
  PRIMARY KEY (`id`)
) ENGINE=InnoDB AUTO_INCREMENT=3 DEFAULT CHARSET=utf8;
/*!40101 SET character_set_client = @saved_cs_client */;
INSERT INTO `taxgrp` VALUES (1,'categories',1,1,0);
/*!40101 SET @saved_cs_client     = @@character_set_client */;
/*!40101 SET character_set_client = utf8 */;
CREATE TABLE `user` (
  `id` int(11) unsigned NOT NULL AUTO_INCREMENT,
  `grp` tinyint(3) unsigned NOT NULL DEFAULT 1,
  `img` varchar(100) DEFAULT NULL,
  `name` varchar(100) DEFAULT NULL,
  `pass` varchar(100) DEFAULT NULL,
  `firstname` varchar(100) DEFAULT NULL,
  `lastname` varchar(100) DEFAULT NULL,
  `title` varchar(300) DEFAULT NULL,
  `url` varchar(100) DEFAULT 'NULL',
  `mail` varchar(100) DEFAULT 'NULL',
  `tel` text DEFAULT '\'NULL\'',
  `status` tinyint(1) unsigned NOT NULL DEFAULT 0,
  `phase` tinyint(1) unsigned NOT NULL DEFAULT 0,
  `content` text DEFAULT NULL,
  `lang` char(2) NOT NULL DEFAULT 'en',
  `auth` varchar(50) DEFAULT NULL,
  `sp` varchar(100) DEFAULT NULL,
  `seodescription` text DEFAULT NULL,
  `seopriority` text DEFAULT NULL,
  `last_login` int(10) unsigned NOT NULL DEFAULT 0,
  `registered` int(10) unsigned NOT NULL DEFAULT 0,
  `modified` int(10) unsigned NOT NULL DEFAULT 0,
  PRIMARY KEY (`id`),
  UNIQUE KEY `name` (`name`),
  KEY `usergroup` (`grp`),
  CONSTRAINT `user_ibfk_1` FOREIGN KEY (`grp`) REFERENCES `usergrp` (`id`) ON DELETE CASCADE ON UPDATE CASCADE
) ENGINE=InnoDB AUTO_INCREMENT=25 DEFAULT CHARSET=utf8;
/*!40101 SET character_set_client = @saved_cs_client */;
INSERT INTO `user` VALUES (1,8,'nobel_prize_einstein.jpg','nikos','130177','nikos','drosakis','Dr Einstein','11drosakis.com','nikosdrosakis@gmail.com111','1116945031693',2,2,'<p>Hello I am Albert!</p>','el','1','05237e9a60822f9d344f360ee5fbef50907394c9c74cc155ff653ce524b859b9','albert','1.0',1579391545,1462778828,1559848490);
INSERT INTO `user` VALUES (2,7,'19-22309-william-golding.jpg','nikos1','130177','nikos','drosakis','','http://drosakis.com','newuser@gmail.com','newuser56',2,2,'','el','1','0','','1.0',0,1462778564,1559848532);
INSERT INTO `user` VALUES (3,2,'23847154_10214223072746389_5877820337674677612_o.jpg','newuser1','newuser1','newuser1','newuser1','','','newuser1@gmail.com','newuser1',2,0,'','en','1','0','','1.0',0,1462778828,1559848545);
INSERT INTO `user` VALUES (4,1,'19-22309-william-golding.jpg','newuser3','newuser3','newuser3','undefined','','','newuser3@gmail.com','newuser3',0,0,'','en','1','0','','1.0',0,1462779013,1559848552);
INSERT INTO `user` VALUES (14,6,'Nelson-Mandela_1498838c.jpg','n3','n3','n3','n3','',NULL,'n3',NULL,0,0,'','en','1','0','','1.0',0,0,1559848557);
INSERT INTO `user` VALUES (15,1,'_92873598_drabdulsalamhighres.png','FDSG','AFDS','ADFS','ASDF','',NULL,'SADF',NULL,0,0,'','en','1','0','','1.0',0,0,1559848703);
INSERT INTO `user` VALUES (17,1,NULL,'user13','user13','user13','user13','',NULL,'user13','user13',0,0,'','en','1','0','','1.0',0,0,0);
INSERT INTO `user` VALUES (18,1,'thorne-3.png','thorne',NULL,'Kip','thorne',NULL,NULL,NULL,NULL,2,0,NULL,'en','1',NULL,NULL,NULL,0,1559849148,1559849174);
INSERT INTO `user` VALUES (19,2,NULL,'nikolatesla','130177','nikola','tesla',NULL,'NULL','nikolatesla@gmail.com','NULL',0,2,NULL,'en','1','a3752d790ba8d7045dfcc955642d0414838fda88d0385d32cb2c79a70d9be9fd',NULL,NULL,1578340792,1578340364,0);
INSERT INTO `user` VALUES (20,4,NULL,'andreas',NULL,'ανδρεας ','δροσάκης',NULL,'NULL','NULL','NULL',2,0,NULL,'en',NULL,NULL,NULL,NULL,0,1579287185,1579287185);
/*!40101 SET @saved_cs_client     = @@character_set_client */;
/*!40101 SET character_set_client = utf8 */;
CREATE TABLE `usergrp` (
  `id` tinyint(3) unsigned NOT NULL DEFAULT 1,
  `name` varchar(30) NOT NULL,
  `permissions` longtext CHARACTER SET utf8mb4 COLLATE utf8mb4_bin DEFAULT '[]',
  PRIMARY KEY (`id`),
  UNIQUE KEY `name` (`name`),
  UNIQUE KEY `name_2` (`name`),
  CONSTRAINT `CONSTRAINT_1` CHECK (json_valid(`permissions`))
) ENGINE=InnoDB DEFAULT CHARSET=utf8;
/*!40101 SET character_set_client = @saved_cs_client */;
INSERT INTO `usergrp` VALUES (1,'subscriber','[]');
INSERT INTO `usergrp` VALUES (2,'user','[\"post\",\"taxonomy\",\"media\"]');
INSERT INTO `usergrp` VALUES (3,'writer','[\"post\", \"taxonomy\", \"media\"]');
INSERT INTO `usergrp` VALUES (4,'editor','[\"post\", \"taxonomy\", \"media\"]');
INSERT INTO `usergrp` VALUES (5,'admin','[\"setup\", \"templates\", \"menu\", \"post\", \"taxonomy\", \"user\", \"seo\", \"media\", \"widget\", \"apps\"]');
INSERT INTO `usergrp` VALUES (6,'manager','[\"setup\", \"templates\", \"menu\", \"post\", \"taxonomy\", \"media\", \"user\", \"seo\", \"widget\", \"apps\"]');
INSERT INTO `usergrp` VALUES (7,'developer','[\"setup\", \"templates\", \"widget\", \"menu\", \"post\", \"taxonomy\", \"seo\", \"media\", \"user\", \"apps\"]');
INSERT INTO `usergrp` VALUES (8,'CEO','[\"setup\", \"media\", \"user\", \"templates\", \"widget\", \"post\", \"taxonomy\", \"seo\", \"apps\"]');
